#
# There is insufficient memory for the Java Runtime Environment to continue.
# Native memory allocation (mmap) failed to map 65536 bytes. Error detail: Failed to commit metaspace.
# Possible reasons:
#   The system is out of physical RAM or swap space
#   This process is running with CompressedOops enabled, and the Java Heap may be blocking the growth of the native heap
# Possible solutions:
#   Reduce memory load on the system
#   Increase physical memory or swap space
#   Check if swap backing store is full
#   Decrease Java heap size (-Xmx/-Xms)
#   Decrease number of Java threads
#   Decrease Java thread stack sizes (-Xss)
#   Set larger code cache with -XX:ReservedCodeCacheSize=
#   JVM is running with Unscaled Compressed Oops mode in which the Java heap is
#     placed in the first 4GB address space. The Java Heap base address is the
#     maximum limit for the native heap growth. Please use -XX:HeapBaseMinAddress
#     to set the Java Heap base and to place the Java Heap above 4GB virtual address.
# This output file may be truncated or incomplete.
#
#  Out of Memory Error (virtualSpaceNode.cpp:113), pid=10320, tid=15720
#
# JRE version: OpenJDK Runtime Environment Temurin-21.0.10+7 (21.0.10+7) (build 21.0.10+7-LTS)
# Java VM: OpenJDK 64-Bit Server VM Temurin-21.0.10+7 (21.0.10+7-LTS, mixed mode, sharing, tiered, compressed oops, compressed class ptrs, parallel gc, windows-amd64)
# No core dump will be written. Minidumps are not enabled by default on client versions of Windows
#

---------------  S U M M A R Y ------------

Command Line: --add-modules=ALL-SYSTEM --add-opens=java.base/java.util=ALL-UNNAMED --add-opens=java.base/java.lang=ALL-UNNAMED --add-opens=java.base/sun.nio.fs=ALL-UNNAMED -Declipse.application=org.eclipse.jdt.ls.core.id1 -Dosgi.bundles.defaultStartLevel=4 -Declipse.product=org.eclipse.jdt.ls.core.product -Djava.import.generatesMetadataFilesAtProjectRoot=false -DDetectVMInstallationsJob.disabled=true -Dfile.encoding=utf8 -XX:+UseParallelGC -XX:GCTimeRatio=4 -XX:AdaptiveSizePolicyWeight=90 -Dsun.zip.disableMemoryMapping=true -Xmx2G -Xms100m -Xlog:disable -javaagent:c:\Users\andre\.vscode\extensions\redhat.java-1.54.0-win32-x64\lombok\lombok-1.18.39-4050.jar c:\Users\andre\.vscode\extensions\redhat.java-1.54.0-win32-x64\server\plugins\org.eclipse.equinox.launcher_1.7.100.v20251111-0406.jar -configuration c:\Users\andre\AppData\Roaming\Code\User\globalStorage\redhat.java\1.54.0\config_ss_win -data c:\Users\andre\AppData\Roaming\Code\User\workspaceStorage\4c53d6c1d38b1c63fe5da6ce7cfe8a73\redhat.java\ss_ws --pipe=\\.\pipe\lsp-c17c2a4a958556fdb5b000a3b0fe0e40-sock

Host: Intel(R) Core(TM) i5-1035G1 CPU @ 1.00GHz, 8 cores, 7G,  Windows 11 , 64 bit Build 26100 (10.0.26100.8246)
Time: Wed May  6 04:04:38 2026 Hora estándar central (México) elapsed time: 5.621055 seconds (0d 0h 0m 5s)

---------------  T H R E A D  ---------------

Current thread (0x0000026c8a4de0a0):  JavaThread "Start Level: Equinox Container: 02cb0b88-045c-4d3e-bdfa-15464703ef56" daemon [_thread_in_vm, id=15720, stack(0x000000dd6f800000,0x000000dd6f900000) (1024K)]

Stack: [0x000000dd6f800000,0x000000dd6f900000]
Native frames: (J=compiled Java code, j=interpreted, Vv=VM code, C=native code)
V  [jvm.dll+0x6d7a39]
V  [jvm.dll+0x8b4b26]
V  [jvm.dll+0x8b70de]
V  [jvm.dll+0x8b77c3]
V  [jvm.dll+0x284346]
V  [jvm.dll+0x8b086e]
V  [jvm.dll+0x679444]
V  [jvm.dll+0x1e82bb]
V  [jvm.dll+0x1e807e]
V  [jvm.dll+0x67bd42]
V  [jvm.dll+0x67bb72]
V  [jvm.dll+0x679e1e]
V  [jvm.dll+0x26f5c6]
V  [jvm.dll+0x219f3f]
V  [jvm.dll+0x20f62e]
V  [jvm.dll+0x5b644f]
V  [jvm.dll+0x82ead6]
V  [jvm.dll+0x478db8]
V  [jvm.dll+0x47ebe8]
C  [java.dll+0x17ec]

Java frames: (J=compiled Java code, j=interpreted, Vv=VM code)
J 1115  java.lang.ClassLoader.defineClass1(Ljava/lang/ClassLoader;Ljava/lang/String;[BIILjava/security/ProtectionDomain;Ljava/lang/String;)Ljava/lang/Class; java.base@21.0.10 (0 bytes) @ 0x0000026c36ba5511 [0x0000026c36ba5440+0x00000000000000d1]
J 1805 c1 java.lang.ClassLoader.defineClass(Ljava/lang/String;[BIILjava/security/ProtectionDomain;)Ljava/lang/Class; java.base@21.0.10 (43 bytes) @ 0x0000026c2f37c1fc [0x0000026c2f37bea0+0x000000000000035c]
j  org.eclipse.osgi.internal.loader.ModuleClassLoader.defineClass(Ljava/lang/String;[BLorg/eclipse/osgi/internal/loader/classpath/ClasspathEntry;)Lorg/eclipse/osgi/internal/loader/ModuleClassLoader$DefineClassResult;+37
j  org.eclipse.osgi.internal.loader.classpath.ClasspathManager.defineClass(Ljava/lang/String;[BLorg/eclipse/osgi/internal/loader/classpath/ClasspathEntry;Lorg/eclipse/osgi/storage/bundlefile/BundleEntry;Ljava/util/List;)Ljava/lang/Class;+424
j  org.eclipse.osgi.internal.loader.classpath.ClasspathManager.findClassImpl(Ljava/lang/String;Lorg/eclipse/osgi/internal/loader/classpath/ClasspathEntry;Ljava/util/List;)Ljava/lang/Class;+288
j  org.eclipse.osgi.internal.loader.classpath.ClasspathManager.findLocalClassImpl(Ljava/lang/String;[Lorg/eclipse/osgi/internal/loader/classpath/ClasspathEntry;Ljava/util/List;)Ljava/lang/Class;+30
j  org.eclipse.osgi.internal.loader.classpath.ClasspathManager.findLocalClassImpl(Ljava/lang/String;Ljava/util/List;)Ljava/lang/Class;+69
j  org.eclipse.osgi.internal.loader.classpath.ClasspathManager.findLocalClass(Ljava/lang/String;)Ljava/lang/Class;+113
j  org.eclipse.osgi.internal.loader.ModuleClassLoader.findLocalClass(Ljava/lang/String;)Ljava/lang/Class;+5
j  org.eclipse.osgi.internal.loader.BundleLoader.findLocalClass(Ljava/lang/String;)Ljava/lang/Class;+65
J 1869 c1 org.eclipse.osgi.internal.loader.BundleLoader.findClass0(Ljava/lang/String;ZZ)Ljava/lang/Class; (490 bytes) @ 0x0000026c2f39d794 [0x0000026c2f39a5e0+0x00000000000031b4]
J 1868 c1 org.eclipse.osgi.internal.loader.BundleLoader.findClass(Ljava/lang/String;)Ljava/lang/Class; (8 bytes) @ 0x0000026c2f39974c [0x0000026c2f3996c0+0x000000000000008c]
j  org.eclipse.osgi.internal.loader.ModuleClassLoader.loadClass(Ljava/lang/String;Z)Ljava/lang/Class;+21
J 1008 c1 java.lang.ClassLoader.loadClass(Ljava/lang/String;)Ljava/lang/Class; java.base@21.0.10 (7 bytes) @ 0x0000026c2f1f18d4 [0x0000026c2f1f17c0+0x0000000000000114]
j  org.eclipse.osgi.internal.framework.EquinoxBundle.loadClass(Ljava/lang/String;)Ljava/lang/Class;+190
j  org.apache.felix.scr.impl.manager.AbstractComponentManager.initDependencyManagers(Lorg/apache/felix/scr/impl/manager/ComponentContextImpl;)V+57
j  org.apache.felix.scr.impl.manager.AbstractComponentManager.collectDependencies(Lorg/apache/felix/scr/impl/manager/ComponentContextImpl;)Z+2
j  org.apache.felix.scr.impl.manager.SingleComponentManager.getServiceInternal(Lorg/osgi/framework/ServiceRegistration;)Z+25
j  org.apache.felix.scr.impl.manager.AbstractComponentManager.activateInternal()V+438
j  org.apache.felix.scr.impl.manager.AbstractComponentManager.enableInternal()V+179
j  org.apache.felix.scr.impl.manager.AbstractComponentManager.enable(Z)Lorg/osgi/util/promise/Promise;+12
j  org.apache.felix.scr.impl.manager.ConfigurableComponentHolder.enableComponents(Z)Lorg/osgi/util/promise/Promise;+275
j  org.apache.felix.scr.impl.BundleComponentActivator.initialEnable()V+107
j  org.apache.felix.scr.impl.Activator.loadComponents(Lorg/osgi/framework/Bundle;)V+392
j  org.apache.felix.scr.impl.Activator.access$200(Lorg/apache/felix/scr/impl/Activator;Lorg/osgi/framework/Bundle;)V+2
j  org.apache.felix.scr.impl.Activator$ScrExtension.start()V+72
j  org.apache.felix.scr.impl.AbstractExtender.createExtension(Lorg/osgi/framework/Bundle;)V+71
j  org.apache.felix.scr.impl.AbstractExtender.modifiedBundle(Lorg/osgi/framework/Bundle;Lorg/osgi/framework/BundleEvent;Lorg/osgi/framework/Bundle;)V+115
j  org.apache.felix.scr.impl.AbstractExtender.addingBundle(Lorg/osgi/framework/Bundle;Lorg/osgi/framework/BundleEvent;)Lorg/osgi/framework/Bundle;+4
j  org.apache.felix.scr.impl.AbstractExtender.addingBundle(Lorg/osgi/framework/Bundle;Lorg/osgi/framework/BundleEvent;)Ljava/lang/Object;+3
j  org.osgi.util.tracker.BundleTracker$Tracked.customizerAdding(Lorg/osgi/framework/Bundle;Lorg/osgi/framework/BundleEvent;)Ljava/lang/Object;+9
j  org.osgi.util.tracker.BundleTracker$Tracked.customizerAdding(Ljava/lang/Object;Ljava/lang/Object;)Ljava/lang/Object;+9
j  org.osgi.util.tracker.AbstractTracked.trackAdding(Ljava/lang/Object;Ljava/lang/Object;)V+8
j  org.osgi.util.tracker.AbstractTracked.track(Ljava/lang/Object;Ljava/lang/Object;)V+83
j  org.osgi.util.tracker.BundleTracker$Tracked.bundleChanged(Lorg/osgi/framework/BundleEvent;)V+35
j  org.eclipse.osgi.internal.framework.BundleContextImpl.dispatchEvent(Ljava/lang/Object;Ljava/lang/Object;ILjava/lang/Object;)V+166
j  org.eclipse.osgi.framework.eventmgr.EventManager.dispatchEvent(Ljava/util/Set;Lorg/eclipse/osgi/framework/eventmgr/EventDispatcher;ILjava/lang/Object;)V+48
j  org.eclipse.osgi.framework.eventmgr.ListenerQueue.dispatchEventSynchronous(ILjava/lang/Object;)V+67
j  org.eclipse.osgi.internal.framework.EquinoxEventPublisher.publishBundleEventPrivileged(Lorg/osgi/framework/BundleEvent;)V+547
j  org.eclipse.osgi.internal.framework.EquinoxEventPublisher.publishBundleEvent(Lorg/osgi/framework/BundleEvent;)V+8
j  org.eclipse.osgi.internal.framework.EquinoxEventPublisher.publishBundleEvent(ILorg/osgi/framework/Bundle;Lorg/osgi/framework/Bundle;)V+15
j  org.eclipse.osgi.internal.framework.EquinoxContainerAdaptor.publishModuleEvent(Lorg/eclipse/osgi/container/ModuleContainerAdaptor$ModuleEvent;Lorg/eclipse/osgi/container/Module;Lorg/eclipse/osgi/container/Module;)V+29
j  org.eclipse.osgi.container.Module.publishEvent(Lorg/eclipse/osgi/container/ModuleContainerAdaptor$ModuleEvent;)V+13
j  org.eclipse.osgi.container.Module.start([Lorg/eclipse/osgi/container/Module$StartOptions;)V+588
j  org.eclipse.osgi.container.ModuleContainer$ContainerStartLevel$2.run()V+83
j  org.eclipse.osgi.internal.framework.EquinoxContainerAdaptor$1$1.execute(Ljava/lang/Runnable;)V+1
j  org.eclipse.osgi.container.ModuleContainer$ContainerStartLevel.incStartLevel(ILjava/util/List;Z)V+193
j  org.eclipse.osgi.container.ModuleContainer$ContainerStartLevel.incStartLevel(ILjava/util/List;Ljava/util/List;Ljava/util/List;Ljava/util/List;)V+4
j  org.eclipse.osgi.container.ModuleContainer$ContainerStartLevel.doContainerStartLevel(Lorg/eclipse/osgi/container/Module;I[Lorg/osgi/framework/FrameworkListener;)V+358
j  org.eclipse.osgi.container.ModuleContainer$ContainerStartLevel.dispatchEvent(Lorg/eclipse/osgi/container/Module;[Lorg/osgi/framework/FrameworkListener;ILjava/lang/Integer;)V+32
j  org.eclipse.osgi.container.ModuleContainer$ContainerStartLevel.dispatchEvent(Ljava/lang/Object;Ljava/lang/Object;ILjava/lang/Object;)V+15
j  org.eclipse.osgi.framework.eventmgr.EventManager.dispatchEvent(Ljava/util/Set;Lorg/eclipse/osgi/framework/eventmgr/EventDispatcher;ILjava/lang/Object;)V+48
j  org.eclipse.osgi.framework.eventmgr.EventManager$EventThread.run()V+26
v  ~StubRoutines::call_stub 0x0000026c365910e7

Compiled method (n/a) 5694 1115     n 0       java.lang.ClassLoader::defineClass1 (native)
 total in heap  [0x0000026c36ba5290,0x0000026c36ba5718] = 1160
 relocation     [0x0000026c36ba53f0,0x0000026c36ba5428] = 56
 main code      [0x0000026c36ba5440,0x0000026c36ba5716] = 726
 stub code      [0x0000026c36ba5716,0x0000026c36ba5718] = 2

[Constant Pool (empty)]

[MachCode]
[Entry Point]
  # {method} {0x0000026c43434f58} 'defineClass1' '(Ljava/lang/ClassLoader;Ljava/lang/String;[BIILjava/security/ProtectionDomain;Ljava/lang/String;)Ljava/lang/Class;' in 'java/lang/ClassLoader'
  # parm0:    rdx:rdx   = 'java/lang/ClassLoader'
  # parm1:    r8:r8     = 'java/lang/String'
  # parm2:    r9:r9     = '[B'
  # parm3:    rdi       = int
  # parm4:    rsi       = int
  # parm5:    rcx:rcx   = 'java/security/ProtectionDomain'
  # parm6:    [sp+0xa0]   = 'java/lang/String'  (sp of caller)
  0x0000026c36ba5440: 448b 5208 | 49bb 0000 | 0043 6c02 | 0000 4d03 | d349 3bc2 | 0f84 0600 

  0x0000026c36ba5458: ;   {runtime_call ic_miss_stub}
  0x0000026c36ba5458: 0000 e921 | 92a3 ff90 
[Verified Entry Point]
  0x0000026c36ba5460: 8984 2400 | 80ff ff55 | 488b ec48 | 81ec 9000 | 0000 6690 | 4181 7f20 | 0100 0000 

  0x0000026c36ba547c: ;   {runtime_call StubRoutines (final stubs)}
  0x0000026c36ba547c: 7405 e87d | 83a2 ff48 | 837d 1000 | 488d 4510 | 480f 4445 | 1048 8944 | 2440 4889 | 4c24 7048 
  0x0000026c36ba549c: 83f9 0048 | 8d44 2470 | 480f 4444 | 2470 4889 | 4424 3848 | 8974 2430 | 4889 7c24 | 284c 894c 
  0x0000026c36ba54bc: 2458 4983 | f900 488d | 4424 5848 | 0f44 4424 | 5848 8944 | 2420 4c89 | 4424 5049 | 83f8 004c 
  0x0000026c36ba54dc: 8d4c 2450 | 4c0f 444c | 2450 4889 | 5424 4848 | 83fa 004c | 8d44 2448 | 4c0f 4444 

  0x0000026c36ba54f8: ;   {oop(a 'java/lang/Class'{0x0000000080000b00} = 'java/lang/ClassLoader')}
  0x0000026c36ba54f8: 2448 49be | 000b 0080 | 0000 0000 | 4c89 7424 | 784c 8d74 | 2478 498b | d6c5 f877 

  0x0000026c36ba5514: ;   {internal_word}
  0x0000026c36ba5514: 49ba 1155 | ba36 6c02 | 0000 4d89 | 97a8 0300 | 0049 89a7 | a003 0000 

  0x0000026c36ba552c: ;   {external_word}
  0x0000026c36ba552c: 49ba c65c | 973c fc7f | 0000 4180 | 3a00 0f84 | 4e00 0000 | 5241 5041 

  0x0000026c36ba5544: ;   {metadata({method} {0x0000026c43434f58} 'defineClass1' '(Ljava/lang/ClassLoader;Ljava/lang/String;[BIILjava/security/ProtectionDomain;Ljava/lang/String;)Ljava/lang/Class;' in 'java/lang/ClassLoader')}
  0x0000026c36ba5544: 5148 ba50 | 4f43 436c | 0200 0049 | 8bcf 4883 | ec20 40f6 | c40f 0f84 | 1900 0000 | 4883 ec08 
  0x0000026c36ba5564: ;   {runtime_call}
  0x0000026c36ba5564: 48b8 50e1 | 403c fc7f | 0000 ffd0 | 4883 c408 | e90c 0000 

  0x0000026c36ba5578: ;   {runtime_call}
  0x0000026c36ba5578: 0048 b850 | e140 3cfc | 7f00 00ff | d048 83c4 | 2041 5941 | 585a 498d | 8fc0 0300 | 0041 c787 
  0x0000026c36ba5598: 4c04 0000 | 0400 0000 

  0x0000026c36ba55a0: ;   {runtime_call}
  0x0000026c36ba55a0: 48b8 ac16 | 98b6 fc7f | 0000 ffd0 | c5f8 7741 | c787 4c04 | 0000 0500 | 0000 f083 | 4424 c000 
  0x0000026c36ba55c0: 493b af50 | 0400 000f | 870e 0000 | 0041 83bf | 4804 0000 | 000f 842b | 0000 00c5 | f877 4889 
  0x0000026c36ba55e0: 45f8 498b | cf4c 8be4 | 4883 ec20 | 4883 e4f0 

  0x0000026c36ba55f0: ;   {runtime_call}
  0x0000026c36ba55f0: 48b8 d052 | 0c3c fc7f | 0000 ffd0 | 498b e44d | 33e4 488b | 45f8 41c7 | 874c 0400 | 0008 0000 
  0x0000026c36ba5610: 0041 83bf | c804 0000 | 020f 84ca 

  0x0000026c36ba561c: ;   {external_word}
  0x0000026c36ba561c: 0000 0049 | bac6 5c97 | 3cfc 7f00 | 0041 803a | 000f 844c | 0000 0048 

  0x0000026c36ba5634: ;   {metadata({method} {0x0000026c43434f58} 'defineClass1' '(Ljava/lang/ClassLoader;Ljava/lang/String;[BIILjava/security/ProtectionDomain;Ljava/lang/String;)Ljava/lang/Class;' in 'java/lang/ClassLoader')}
  0x0000026c36ba5634: 8945 f848 | ba50 4f43 | 436c 0200 | 0049 8bcf | 4883 ec20 | 40f6 c40f | 0f84 1900 | 0000 4883 
  0x0000026c36ba5654: ;   {runtime_call}
  0x0000026c36ba5654: ec08 48b8 | 50e1 403c | fc7f 0000 | ffd0 4883 | c408 e90c 

  0x0000026c36ba5668: ;   {runtime_call}
  0x0000026c36ba5668: 0000 0048 | b850 e140 | 3cfc 7f00 | 00ff d048 | 83c4 2048 | 8b45 f849 | c787 a003 | 0000 0000 
  0x0000026c36ba5688: 0000 49c7 | 87a8 0300 | 0000 0000 | 00c5 f877 | 4885 c00f | 8425 0000 | 00a8 030f | 8508 0000 
  0x0000026c36ba56a8: 0048 8b00 | e915 0000 | 00a8 010f | 8509 0000 | 0048 8b40 | fee9 0400 | 0000 488b | 40ff 498b 
  0x0000026c36ba56c8: 8f30 0400 | 00c7 8100 | 0100 0000 | 0000 00c9 | 4983 7f08 | 000f 8501 | 0000 00c3 

  0x0000026c36ba56e4: ;   {runtime_call StubRoutines (initial stubs)}
  0x0000026c36ba56e4: e917 b89e | ffc5 f877 | 4889 45f8 | 4c8b e448 | 83ec 2048 

  0x0000026c36ba56f8: ;   {runtime_call}
  0x0000026c36ba56f8: 83e4 f048 | b8a0 1841 | 3cfc 7f00 | 00ff d049 | 8be4 4d33 | e448 8b45 | f8e9 09ff | ffff f4f4 
[/MachCode]


Compiled method (c1) 5715 1805       3       java.lang.ClassLoader::defineClass (43 bytes)
 total in heap  [0x0000026c2f37bc90,0x0000026c2f37c5f0] = 2400
 relocation     [0x0000026c2f37bdf0,0x0000026c2f37be90] = 160
 main code      [0x0000026c2f37bea0,0x0000026c2f37c340] = 1184
 stub code      [0x0000026c2f37c340,0x0000026c2f37c3b8] = 120
 metadata       [0x0000026c2f37c3b8,0x0000026c2f37c3e8] = 48
 scopes data    [0x0000026c2f37c3e8,0x0000026c2f37c4d8] = 240
 scopes pcs     [0x0000026c2f37c4d8,0x0000026c2f37c5b8] = 224
 dependencies   [0x0000026c2f37c5b8,0x0000026c2f37c5c8] = 16
 nul chk table  [0x0000026c2f37c5c8,0x0000026c2f37c5f0] = 40

[Constant Pool (empty)]

[MachCode]
[Entry Point]
  # {method} {0x0000026c434352d8} 'defineClass' '(Ljava/lang/String;[BIILjava/security/ProtectionDomain;)Ljava/lang/Class;' in 'java/lang/ClassLoader'
  # this:     rdx:rdx   = 'java/lang/ClassLoader'
  # parm0:    r8:r8     = 'java/lang/String'
  # parm1:    r9:r9     = '[B'
  # parm2:    rdi       = int
  # parm3:    rsi       = int
  # parm4:    rcx:rcx   = 'java/security/ProtectionDomain'
  #           [sp+0xc0]  (sp of caller)
  0x0000026c2f37bea0: 448b 5208 | 49bb 0000 | 0043 6c02 | 0000 4d03 | d34c 3bd0 

  0x0000026c2f37beb4: ;   {runtime_call ic_miss_stub}
  0x0000026c2f37beb4: 0f85 c627 | 2607 660f | 1f44 0000 
[Verified Entry Point]
  0x0000026c2f37bec0: 8984 2400 | 80ff ff55 | 4881 ecb0 | 0000 0090 | 4181 7f20 | 0100 0000 

  0x0000026c2f37bed8: ;   {runtime_call StubRoutines (final stubs)}
  0x0000026c2f37bed8: 7405 e821 | 1925 0748 | 8954 2478 

  0x0000026c2f37bee4: ;   {metadata(method data for {method} {0x0000026c434352d8} 'defineClass' '(Ljava/lang/String;[BIILjava/security/ProtectionDomain;)Ljava/lang/Class;' in 'java/lang/ClassLoader')}
  0x0000026c2f37bee4: 48bb 38c6 | 3686 6c02 | 0000 8b83 | cc00 0000 | 83c0 0289 | 83cc 0000 | 0025 fe07 | 0000 85c0 
  0x0000026c2f37bf04: 0f84 5803 | 0000 89b4 | 2494 0000 | 0089 bc24 | 9000 0000 | 4c89 8c24 | 8800 0000 

  0x0000026c2f37bf20: ;   {metadata(method data for {method} {0x0000026c434352d8} 'defineClass' '(Ljava/lang/String;[BIILjava/security/ProtectionDomain;)Ljava/lang/Class;' in 'java/lang/ClassLoader')}
  0x0000026c2f37bf20: 488b da48 | b838 c636 | 866c 0200 | 0048 8380 | 1001 0000 | 0149 8bd8 | 4c8b c34c | 8bc9 488b 
  0x0000026c2f37bf40: ca48 8bd1 | 4889 9c24 | 8000 0000 

  0x0000026c2f37bf4c: ;   {optimized virtual_call}
  0x0000026c2f37bf4c: 6666 90e8 

  0x0000026c2f37bf50: ; ImmutableOopMap {[120]=Oop [128]=Oop [136]=Oop }
                      ;*invokevirtual preDefineClass {reexecute=0 rethrow=0 return_oop=0}
                      ; - java.lang.ClassLoader::defineClass@4
  0x0000026c2f37bf50: cc51 f1ff 

  0x0000026c2f37bf54: ;   {other}
  0x0000026c2f37bf54: 0f1f 8400 | c402 0000 | 4889 8424 | 9800 0000 | 488b 5424 

  0x0000026c2f37bf68: ;   {metadata(method data for {method} {0x0000026c434352d8} 'defineClass' '(Ljava/lang/String;[BIILjava/security/ProtectionDomain;)Ljava/lang/Class;' in 'java/lang/ClassLoader')}
  0x0000026c2f37bf68: 7849 b838 | c636 866c | 0200 0049 | 8380 4801 

  0x0000026c2f37bf78: ;   {metadata(method data for {method} {0x0000026c43434fc0} 'defineClassSourceLocation' '(Ljava/security/ProtectionDomain;)Ljava/lang/String;' in 'java/lang/ClassLoader')}
  0x0000026c2f37bf78: 0000 0149 | b850 cd36 | 866c 0200 | 0041 8b90 | cc00 0000 | 83c2 0241 | 8990 cc00 | 0000 81e2 
  0x0000026c2f37bf98: feff 1f00 | 85d2 0f84 | df02 0000 

  0x0000026c2f37bfa4: ; implicit exception: dispatches to 0x0000026c2f37c2a4
  0x0000026c2f37bfa4: 483b 004c 

  0x0000026c2f37bfa8: ;   {metadata(method data for {method} {0x0000026c43434fc0} 'defineClassSourceLocation' '(Ljava/security/ProtectionDomain;)Ljava/lang/String;' in 'java/lang/ClassLoader')}
  0x0000026c2f37bfa8: 8bc0 48ba | 50cd 3686 | 6c02 0000 | 4883 8210 | 0100 0001 | 448b 4010 

  0x0000026c2f37bfc0: ;   {metadata(method data for {method} {0x0000026c43434fc0} 'defineClassSourceLocation' '(Ljava/security/ProtectionDomain;)Ljava/lang/String;' in 'java/lang/ClassLoader')}
  0x0000026c2f37bfc0: 4d85 c048 | ba50 cd36 | 866c 0200 | 0048 c7c6 | 5801 0000 | 7507 48c7 | c648 0100 | 0048 8b3c 
  0x0000026c2f37bfe0: 3248 8d7f | 0148 893c | 320f 850f 

  0x0000026c2f37bfec: ;   {oop(nullptr)}
  0x0000026c2f37bfec: 0000 0048 | bb00 0000 | 0000 0000 | 00e9 a901 | 0000 493b | 0049 8bd0 

  0x0000026c2f37c004: ;   {metadata(method data for {method} {0x0000026c43434fc0} 'defineClassSourceLocation' '(Ljava/security/ProtectionDomain;)Ljava/lang/String;' in 'java/lang/ClassLoader')}
  0x0000026c2f37c004: 48be 50cd | 3686 6c02 | 0000 4883 | 8668 0100 | 0001 418b | 500c 4885 

  0x0000026c2f37c01c: ;   {metadata(method data for {method} {0x0000026c43434fc0} 'defineClassSourceLocation' '(Ljava/security/ProtectionDomain;)Ljava/lang/String;' in 'java/lang/ClassLoader')}
  0x0000026c2f37c01c: d248 be50 | cd36 866c | 0200 0048 | c7c7 b001 | 0000 7507 | 48c7 c7a0 | 0100 0048 | 8b1c 3e48 
  0x0000026c2f37c03c: 8d5b 0148 | 891c 3e0f | 850f 0000 

  0x0000026c2f37c048: ;   {oop(nullptr)}
  0x0000026c2f37c048: 0048 bb00 | 0000 0000 | 0000 00e9 | 4f01 0000 

  0x0000026c2f37c058: ;   {metadata(method data for {method} {0x0000026c43434fc0} 'defineClassSourceLocation' '(Ljava/security/ProtectionDomain;)Ljava/lang/String;' in 'java/lang/ClassLoader')}
  0x0000026c2f37c058: 48be 50cd | 3686 6c02 | 0000 4883 | 86c0 0100 | 0001 483b | 024c 8bc2 

  0x0000026c2f37c070: ;   {metadata(method data for {method} {0x0000026c43434fc0} 'defineClassSourceLocation' '(Ljava/security/ProtectionDomain;)Ljava/lang/String;' in 'java/lang/ClassLoader')}
  0x0000026c2f37c070: 48be 50cd | 3686 6c02 | 0000 4883 | 86f8 0100 

  0x0000026c2f37c080: ;   {metadata(method data for {method} {0x0000026c4301abf0} 'toString' '()Ljava/lang/String;' in 'java/net/URL')}
  0x0000026c2f37c080: 0001 49b8 | 20c1 3686 | 6c02 0000 | 418b b0cc | 0000 0083 | c602 4189 | b0cc 0000 | 0081 e6fe 
  0x0000026c2f37c0a0: ff1f 0085 | f60f 8408 | 0200 004c 

  0x0000026c2f37c0ac: ;   {metadata(method data for {method} {0x0000026c4301abf0} 'toString' '()Ljava/lang/String;' in 'java/net/URL')}
  0x0000026c2f37c0ac: 8bc2 48be | 20c1 3686 | 6c02 0000 | 4883 8610 | 0100 0001 

  0x0000026c2f37c0c0: ;   {metadata(method data for {method} {0x0000026c43428b60} 'toExternalForm' '()Ljava/lang/String;' in 'java/net/URL')}
  0x0000026c2f37c0c0: 49b8 886d | 3686 6c02 | 0000 418b | b0cc 0000 | 0083 c602 | 4189 b0cc | 0000 0081 | e6fe ff1f 
  0x0000026c2f37c0e0: 0085 f60f | 84eb 0100 | 008b 7238 

  0x0000026c2f37c0ec: ; implicit exception: dispatches to 0x0000026c2f37c2f5
  0x0000026c2f37c0ec: 483b 064c 

  0x0000026c2f37c0f0: ;   {metadata(method data for {method} {0x0000026c43428b60} 'toExternalForm' '()Ljava/lang/String;' in 'java/net/URL')}
  0x0000026c2f37c0f0: 8bc6 48bf | 886d 3686 | 6c02 0000 | 458b 4008 | 49ba 0000 | 0043 6c02 | 0000 4d03 | c24c 3b87 
  0x0000026c2f37c110: 2001 0000 | 750d 4883 | 8728 0100 | 0001 e960 | 0000 004c | 3b87 3001 | 0000 750d | 4883 8738 
  0x0000026c2f37c130: 0100 0001 | e94a 0000 | 0048 83bf | 2001 0000 | 0075 174c | 8987 2001 | 0000 48c7 | 8728 0100 
  0x0000026c2f37c150: 0001 0000 | 00e9 2900 | 0000 4883 | bf30 0100 | 0000 7517 | 4c89 8730 | 0100 0048 | c787 3801 
  0x0000026c2f37c170: 0000 0100 | 0000 e908 | 0000 0048 | 8387 1001 | 0000 014c | 8bc2 488b | d60f 1f40 | 0048 b8f8 
  0x0000026c2f37c190: 3121 436c 

  0x0000026c2f37c194: ;   {virtual_call}
  0x0000026c2f37c194: 0200 00e8 

  0x0000026c2f37c198: ; ImmutableOopMap {[120]=Oop [128]=Oop [136]=Oop [152]=Oop }
                      ;*invokevirtual toExternalForm {reexecute=0 rethrow=0 return_oop=0}
                      ; - java.net.URL::toExternalForm@5
                      ; - java.net.URL::toString@1
                      ; - java.lang.ClassLoader::defineClassSourceLocation@22
                      ; - java.lang.ClassLoader::defineClass@12
  0x0000026c2f37c198: e472 efff 

  0x0000026c2f37c19c: ;   {other}
  0x0000026c2f37c19c: 0f1f 8400 | 0c05 0001 | 488b d848 | 8b84 2498 | 0000 008b | b424 9400 | 0000 8bbc | 2490 0000 
  0x0000026c2f37c1bc: 004c 8b8c | 2488 0000 | 004c 8b84 | 2480 0000 | 0048 8b54 

  0x0000026c2f37c1d0: ;   {metadata(method data for {method} {0x0000026c434352d8} 'defineClass' '(Ljava/lang/String;[BIILjava/security/ProtectionDomain;)Ljava/lang/Class;' in 'java/lang/ClassLoader')}
  0x0000026c2f37c1d0: 2478 48b9 | 38c6 3686 | 6c02 0000 | 4883 8180 | 0100 0001 | 4c8b da49 | 8bd3 488b | c848 891c 
  0x0000026c2f37c1f0: 2466 0f1f 

  0x0000026c2f37c1f4: ;   {static_call}
  0x0000026c2f37c1f4: 4400 00e8 

  0x0000026c2f37c1f8: ; ImmutableOopMap {[120]=Oop [152]=Oop }
                      ;*invokestatic defineClass1 {reexecute=0 rethrow=0 return_oop=0}
                      ; - java.lang.ClassLoader::defineClass@27
  0x0000026c2f37c1f8: 6492 8207 

  0x0000026c2f37c1fc: ;   {other}
  0x0000026c2f37c1fc: 0f1f 8400 | 6c05 0002 | 488b 5424 

  0x0000026c2f37c208: ;   {metadata(method data for {method} {0x0000026c434352d8} 'defineClass' '(Ljava/lang/String;[BIILjava/security/ProtectionDomain;)Ljava/lang/Class;' in 'java/lang/ClassLoader')}
  0x0000026c2f37c208: 7849 b838 | c636 866c | 0200 0049 | 8380 9001 | 0000 014c | 8bc0 4c8b | 8c24 9800 | 0000 488b 
  0x0000026c2f37c228: 5424 7848 | 8984 24a0 | 0000 000f 

  0x0000026c2f37c234: ;   {optimized virtual_call}
  0x0000026c2f37c234: 1f40 00e8 

  0x0000026c2f37c238: ; ImmutableOopMap {[160]=Oop }
                      ;*invokevirtual postDefineClass {reexecute=0 rethrow=0 return_oop=0}
                      ; - java.lang.ClassLoader::defineClass@37
  0x0000026c2f37c238: e419 f9ff 

  0x0000026c2f37c23c: ;   {other}
  0x0000026c2f37c23c: 0f1f 8400 | ac05 0003 | 488b 8424 | a000 0000 | 4881 c4b0 | 0000 005d 

  0x0000026c2f37c254: ;   {poll_return}
  0x0000026c2f37c254: 493b a750 | 0400 000f | 8799 0000 

  0x0000026c2f37c260: ;   {metadata({method} {0x0000026c434352d8} 'defineClass' '(Ljava/lang/String;[BIILjava/security/ProtectionDomain;)Ljava/lang/Class;' in 'java/lang/ClassLoader')}
  0x0000026c2f37c260: 00c3 49ba | d052 4343 | 6c02 0000 | 4c89 5424 | 0848 c704 | 24ff ffff 

  0x0000026c2f37c278: ;   {runtime_call counter_overflow Runtime1 stub}
  0x0000026c2f37c278: ffe8 0287 

  0x0000026c2f37c27c: ; ImmutableOopMap {rdx=Oop r8=Oop r9=Oop rcx=Oop [120]=Oop }
                      ;*synchronization entry
                      ; - java.lang.ClassLoader::defineClass@-1
  0x0000026c2f37c27c: 3107 e987 

  0x0000026c2f37c280: ;   {metadata({method} {0x0000026c43434fc0} 'defineClassSourceLocation' '(Ljava/security/ProtectionDomain;)Ljava/lang/String;' in 'java/lang/ClassLoader')}
  0x0000026c2f37c280: fcff ff49 | bab8 4f43 | 436c 0200 | 004c 8954 | 2408 48c7 | 0424 ffff 

  0x0000026c2f37c298: ;   {runtime_call counter_overflow Runtime1 stub}
  0x0000026c2f37c298: ffff e8e1 

  0x0000026c2f37c29c: ; ImmutableOopMap {rax=Oop [120]=Oop [128]=Oop [136]=Oop [152]=Oop }
                      ;*synchronization entry
                      ; - java.lang.ClassLoader::defineClassSourceLocation@-1
                      ; - java.lang.ClassLoader::defineClass@12
  0x0000026c2f37c29c: 8631 07e9 | 00fd ffff 

  0x0000026c2f37c2a4: ;   {runtime_call throw_null_pointer_exception Runtime1 stub}
  0x0000026c2f37c2a4: e877 2431 

  0x0000026c2f37c2a8: ; ImmutableOopMap {rax=Oop [120]=Oop [128]=Oop [136]=Oop [152]=Oop }
                      ;*invokevirtual getCodeSource {reexecute=0 rethrow=0 return_oop=0}
                      ; - java.lang.ClassLoader::defineClassSourceLocation@1
                      ; - java.lang.ClassLoader::defineClass@12
                      ;   {runtime_call throw_null_pointer_exception Runtime1 stub}
  0x0000026c2f37c2a8: 07e8 7224 

  0x0000026c2f37c2ac: ; ImmutableOopMap {rax=Oop r8=Oop [120]=Oop [128]=Oop [136]=Oop [152]=Oop }
                      ;*invokevirtual getLocation {reexecute=0 rethrow=0 return_oop=0}
                      ; - java.lang.ClassLoader::defineClassSourceLocation@12
                      ; - java.lang.ClassLoader::defineClass@12
                      ;   {runtime_call throw_null_pointer_exception Runtime1 stub}
  0x0000026c2f37c2ac: 3107 e86d 

  0x0000026c2f37c2b0: ; ImmutableOopMap {rdx=Oop [120]=Oop [128]=Oop [136]=Oop [152]=Oop }
                      ;*invokevirtual toString {reexecute=0 rethrow=0 return_oop=0}
                      ; - java.lang.ClassLoader::defineClassSourceLocation@22
                      ; - java.lang.ClassLoader::defineClass@12
                      ;   {metadata({method} {0x0000026c4301abf0} 'toString' '()Ljava/lang/String;' in 'java/net/URL')}
  0x0000026c2f37c2b0: 2431 0749 | bae8 ab01 | 436c 0200 | 004c 8954 | 2408 48c7 | 0424 ffff 

  0x0000026c2f37c2c8: ;   {runtime_call counter_overflow Runtime1 stub}
  0x0000026c2f37c2c8: ffff e8b1 

  0x0000026c2f37c2cc: ; ImmutableOopMap {rdx=Oop [120]=Oop [128]=Oop [136]=Oop [152]=Oop }
                      ;*synchronization entry
                      ; - java.net.URL::toString@-1
                      ; - java.lang.ClassLoader::defineClassSourceLocation@22
                      ; - java.lang.ClassLoader::defineClass@12
  0x0000026c2f37c2cc: 8631 07e9 | d7fd ffff 

  0x0000026c2f37c2d4: ;   {metadata({method} {0x0000026c43428b60} 'toExternalForm' '()Ljava/lang/String;' in 'java/net/URL')}
  0x0000026c2f37c2d4: 49ba 588b | 4243 6c02 | 0000 4c89 | 5424 0848 | c704 24ff 

  0x0000026c2f37c2e8: ;   {runtime_call counter_overflow Runtime1 stub}
  0x0000026c2f37c2e8: ffff ffe8 

  0x0000026c2f37c2ec: ; ImmutableOopMap {rdx=Oop [120]=Oop [128]=Oop [136]=Oop [152]=Oop }
                      ;*synchronization entry
                      ; - java.net.URL::toExternalForm@-1
                      ; - java.net.URL::toString@1
                      ; - java.lang.ClassLoader::defineClassSourceLocation@22
                      ; - java.lang.ClassLoader::defineClass@12
  0x0000026c2f37c2ec: 9086 3107 | e9f4 fdff 

  0x0000026c2f37c2f4: ;   {runtime_call throw_null_pointer_exception Runtime1 stub}
  0x0000026c2f37c2f4: ffe8 2624 

  0x0000026c2f37c2f8: ; ImmutableOopMap {rdx=Oop rsi=Oop [120]=Oop [128]=Oop [136]=Oop [152]=Oop }
                      ;*invokevirtual toExternalForm {reexecute=0 rethrow=0 return_oop=0}
                      ; - java.net.URL::toExternalForm@5
                      ; - java.net.URL::toString@1
                      ; - java.lang.ClassLoader::defineClassSourceLocation@22
                      ; - java.lang.ClassLoader::defineClass@12
                      ;   {internal_word}
  0x0000026c2f37c2f8: 3107 49ba | 54c2 372f | 6c02 0000 | 4d89 9768 

  0x0000026c2f37c308: ;   {runtime_call SafepointBlob}
  0x0000026c2f37c308: 0400 00e9 | 7098 2607 | 498b 8700 | 0500 0049 | c787 0005 | 0000 0000 | 0000 49c7 | 8708 0500 
  0x0000026c2f37c328: 0000 0000 | 0048 81c4 | b000 0000 

  0x0000026c2f37c334: ;   {runtime_call unwind_exception Runtime1 stub}
  0x0000026c2f37c334: 5de9 c614 | 3107 f4f4 | f4f4 f4f4 
[Stub Code]
  0x0000026c2f37c340: ;   {no_reloc}
  0x0000026c2f37c340: 0f1f 4400 

  0x0000026c2f37c344: ;   {static_stub}
  0x0000026c2f37c344: 0048 bb00 | 0000 0000 

  0x0000026c2f37c34c: ;   {runtime_call nmethod}
  0x0000026c2f37c34c: 0000 00e9 | fbff ffff 

  0x0000026c2f37c354: ;   {static_stub}
  0x0000026c2f37c354: 48bb 0000 | 0000 0000 

  0x0000026c2f37c35c: ;   {runtime_call nmethod}
  0x0000026c2f37c35c: 0000 e9fb 

  0x0000026c2f37c360: ;   {static_stub}
  0x0000026c2f37c360: ffff ff48 | bb00 0000 | 0000 0000 

  0x0000026c2f37c36c: ;   {runtime_call nmethod}
  0x0000026c2f37c36c: 00e9 fbff 

  0x0000026c2f37c370: ;   {static_stub}
  0x0000026c2f37c370: ffff 48bb | 0000 0000 | 0000 0000 

  0x0000026c2f37c37c: ;   {runtime_call nmethod}
  0x0000026c2f37c37c: e9fb ffff 

  0x0000026c2f37c380: ;   {runtime_call handle_exception_from_callee Runtime1 stub}
  0x0000026c2f37c380: ffe8 7a49 

  0x0000026c2f37c384: ;   {external_word}
  0x0000026c2f37c384: 3107 48b9 | 4053 6d3c | fc7f 0000 | 4883 e4f0 

  0x0000026c2f37c394: ;   {runtime_call}
  0x0000026c2f37c394: 48b8 b0c3 | 2f3c fc7f | 0000 ffd0 

  0x0000026c2f37c3a0: ;   {section_word}
  0x0000026c2f37c3a0: f449 baa1 | c337 2f6c | 0200 0041 

  0x0000026c2f37c3ac: ;   {runtime_call DeoptimizationBlob}
  0x0000026c2f37c3ac: 52e9 6eac | 2607 f4f4 | f4f4 f4f4 
[/MachCode]


Compiled method (c1) 5851 1869   !   3       org.eclipse.osgi.internal.loader.BundleLoader::findClass0 (490 bytes)
 total in heap  [0x0000026c2f399d10,0x0000026c2f3a0950] = 27712
 relocation     [0x0000026c2f399e70,0x0000026c2f39a5c8] = 1880
 main code      [0x0000026c2f39a5e0,0x0000026c2f39ed88] = 18344
 stub code      [0x0000026c2f39ed88,0x0000026c2f39f0d0] = 840
 oops           [0x0000026c2f39f0d0,0x0000026c2f39f108] = 56
 metadata       [0x0000026c2f39f108,0x0000026c2f39f218] = 272
 scopes data    [0x0000026c2f39f218,0x0000026c2f39fca0] = 2696
 scopes pcs     [0x0000026c2f39fca0,0x0000026c2f3a06d0] = 2608
 dependencies   [0x0000026c2f3a06d0,0x0000026c2f3a0728] = 88
 handler table  [0x0000026c2f3a0728,0x0000026c2f3a0848] = 288
 nul chk table  [0x0000026c2f3a0848,0x0000026c2f3a0950] = 264

[Constant Pool (empty)]

[MachCode]
[Entry Point]
  # {method} {0x0000026c8658c840} 'findClass0' '(Ljava/lang/String;ZZ)Ljava/lang/Class;' in 'org/eclipse/osgi/internal/loader/BundleLoader'
  # this:     rdx:rdx   = 'org/eclipse/osgi/internal/loader/BundleLoader'
  # parm0:    r8:r8     = 'java/lang/String'
  # parm1:    r9        = boolean
  # parm2:    rdi       = boolean
  #           [sp+0x180]  (sp of caller)
  0x0000026c2f39a5e0: 448b 5208 | 49bb 0000 | 0043 6c02 | 0000 4d03 | d34c 3bd0 

  0x0000026c2f39a5f4: ;   {runtime_call ic_miss_stub}
  0x0000026c2f39a5f4: 0f85 8640 | 2407 660f | 1f44 0000 
[Verified Entry Point]
  0x0000026c2f39a600: 8984 2400 | 80ff ff55 | 4881 ec70 | 0100 0090 | 4181 7f20 | 0100 0000 

  0x0000026c2f39a618: ;   {runtime_call StubRoutines (final stubs)}
  0x0000026c2f39a618: 7405 e8e1 | 3123 0748 | 8994 24a8 | 0000 004c | 8984 24a0 | 0000 0044 | 898c 24b0 

  0x0000026c2f39a634: ;   {metadata(method data for {method} {0x0000026c8658c840} 'findClass0' '(Ljava/lang/String;ZZ)Ljava/lang/Class;' in 'org/eclipse/osgi/internal/loader/BundleLoader')}
  0x0000026c2f39a634: 0000 0048 | bee0 5d7b | 866c 0200 | 008b 9ecc | 0000 0083 | c302 899e | cc00 0000 | 81e3 fe07 
  0x0000026c2f39a654: 0000 85db | 0f84 1c3d | 0000 4585 

  0x0000026c2f39a660: ;   {metadata(method data for {method} {0x0000026c8658c840} 'findClass0' '(Ljava/lang/String;ZZ)Ljava/lang/Class;' in 'org/eclipse/osgi/internal/loader/BundleLoader')}
  0x0000026c2f39a660: c948 bee0 | 5d7b 866c | 0200 0048 | c7c3 2001 | 0000 7507 | 48c7 c310 | 0100 0048 | 8b04 1e48 
  0x0000026c2f39a680: 8d40 0148 | 8904 1e0f | 850c 0000 | 0089 bc24 | b400 0000 | e9ec 0000 | 008b 7248 

  0x0000026c2f39a69c: ;   {metadata(method data for {method} {0x0000026c8658c840} 'findClass0' '(Ljava/lang/String;ZZ)Ljava/lang/Class;' in 'org/eclipse/osgi/internal/loader/BundleLoader')}
  0x0000026c2f39a69c: 4885 f648 | bee0 5d7b | 866c 0200 | 0048 c7c3 | 3001 0000 | 7407 48c7 | c340 0100 | 0048 8b04 
  0x0000026c2f39a6bc: 1e48 8d40 | 0148 8904 | 1e89 bc24 | b400 0000 | 0f84 b300 | 0000 493b | 0049 8bf0 

  0x0000026c2f39a6d8: ;   {metadata(method data for {method} {0x0000026c8658c840} 'findClass0' '(Ljava/lang/String;ZZ)Ljava/lang/Class;' in 'org/eclipse/osgi/internal/loader/BundleLoader')}
  0x0000026c2f39a6d8: 48bb e05d | 7b86 6c02 | 0000 4883 | 8350 0100 

  0x0000026c2f39a6e8: ;   {metadata(method data for {method} {0x0000026c43453e38} 'startsWith' '(Ljava/lang/String;)Z' in 'java/lang/String')}
  0x0000026c2f39a6e8: 0001 48be | 5096 0886 | 6c02 0000 | 8b9e cc00 | 0000 83c3 | 0289 9ecc | 0000 0081 | e3fe ff1f 
  0x0000026c2f39a708: 0085 db0f | 848f 3c00 | 0049 8bf0 

  0x0000026c2f39a714: ;   {metadata(method data for {method} {0x0000026c43453e38} 'startsWith' '(Ljava/lang/String;)Z' in 'java/lang/String')}
  0x0000026c2f39a714: 48bb 5096 | 0886 6c02 | 0000 4883 | 8310 0100 | 0001 498b 

  0x0000026c2f39a728: ;   {oop("java."{0x00000000800060d0})}
  0x0000026c2f39a728: f049 b8d0 | 6000 8000 | 0000 0041 | b900 0000 | 0048 8bd6 

  0x0000026c2f39a73c: ;   {optimized virtual_call}
  0x0000026c2f39a73c: 6666 90e8 

  0x0000026c2f39a740: ; ImmutableOopMap {[160]=Oop [168]=Oop }
                      ;*invokevirtual startsWith {reexecute=0 rethrow=0 return_oop=0}
                      ; - java.lang.String::startsWith@3
                      ; - org.eclipse.osgi.internal.loader.BundleLoader::findClass0@14 (line 466)
  0x0000026c2f39a740: 1c79 8007 

  0x0000026c2f39a744: ;   {other}
  0x0000026c2f39a744: 0f1f 8400 | 340a 0000 | 83e0 0185 

  0x0000026c2f39a750: ;   {metadata(method data for {method} {0x0000026c8658c840} 'findClass0' '(Ljava/lang/String;ZZ)Ljava/lang/Class;' in 'org/eclipse/osgi/internal/loader/BundleLoader')}
  0x0000026c2f39a750: c048 b9e0 | 5d7b 866c | 0200 0049 | c7c0 9801 | 0000 7507 | 49c7 c088 | 0100 004e | 8b0c 014d 
  0x0000026c2f39a770: 8d49 014e | 890c 010f | 8541 3900 | 004c 8b84 | 24a0 0000 

  0x0000026c2f39a784: ;   {metadata(method data for {method} {0x0000026c8658c840} 'findClass0' '(Ljava/lang/String;ZZ)Ljava/lang/Class;' in 'org/eclipse/osgi/internal/loader/BundleLoader')}
  0x0000026c2f39a784: 0048 b9e0 | 5d7b 866c | 0200 0048 | 8381 e001 

  0x0000026c2f39a794: ;   {metadata(method data for {method} {0x0000026c8658abc8} 'getPackageName' '(Ljava/lang/String;)Ljava/lang/String;' in 'org/eclipse/osgi/internal/loader/BundleLoader')}
  0x0000026c2f39a794: 0000 0148 | b910 917a | 866c 0200 | 0044 8b89 | cc00 0000 | 4183 c102 | 4489 89cc | 0000 0041 
  0x0000026c2f39a7b4: 81e1 feff | 1f00 4585 | c90f 84fe | 3b00 004d 

  0x0000026c2f39a7c4: ;   {metadata(method data for {method} {0x0000026c8658abc8} 'getPackageName' '(Ljava/lang/String;)Ljava/lang/String;' in 'org/eclipse/osgi/internal/loader/BundleLoader')}
  0x0000026c2f39a7c4: 85c0 48b9 | 1091 7a86 | 6c02 0000 | 49c7 c110 | 0100 0074 | 0749 c7c1 | 2001 0000 | 4a8b 1409 
  0x0000026c2f39a7e4: 488d 5201 | 4a89 1409 | 0f84 5801 | 0000 493b | 0049 8bc8 

  0x0000026c2f39a7f8: ;   {metadata(method data for {method} {0x0000026c8658abc8} 'getPackageName' '(Ljava/lang/String;)Ljava/lang/String;' in 'org/eclipse/osgi/internal/loader/BundleLoader')}
  0x0000026c2f39a7f8: 49b9 1091 | 7a86 6c02 | 0000 4983 | 8130 0100 

  0x0000026c2f39a808: ;   {metadata(method data for {method} {0x0000026c43453d30} 'lastIndexOf' '(I)I' in 'java/lang/String')}
  0x0000026c2f39a808: 0001 48b9 | 785d 0586 | 6c02 0000 | 448b 89cc | 0000 0041 | 83c1 0244 | 8989 cc00 | 0000 4181 
  0x0000026c2f39a828: e1fe ff1f | 0045 85c9 | 0f84 b13b | 0000 498b 

  0x0000026c2f39a838: ;   {metadata(method data for {method} {0x0000026c43453d30} 'lastIndexOf' '(I)I' in 'java/lang/String')}
  0x0000026c2f39a838: c849 b978 | 5d05 866c | 0200 0049 | 8381 1001 

  0x0000026c2f39a848: ;   {metadata(method data for {method} {0x0000026c4300ee90} 'length' '()I' in 'java/lang/String')}
  0x0000026c2f39a848: 0000 0148 | b930 f300 | 866c 0200 | 0044 8b89 | cc00 0000 | 4183 c102 | 4489 89cc | 0000 0041 
  0x0000026c2f39a868: 81e1 feff | 1f00 4585 | c90f 8491 | 3b00 0041 | 8b48 1444 | 8b49 0c49 

  0x0000026c2f39a880: ;   {metadata(method data for {method} {0x0000026c4300ee90} 'length' '()I' in 'java/lang/String')}
  0x0000026c2f39a880: 8bc8 48ba | 30f3 0086 | 6c02 0000 | 4883 8210 | 0100 0001 

  0x0000026c2f39a894: ;   {metadata(method data for {method} {0x0000026c43455018} 'coder' '()B' in 'java/lang/String')}
  0x0000026c2f39a894: 48b9 b8f1 | 0086 6c02 | 0000 8b91 | cc00 0000 | 83c2 0289 | 91cc 0000 | 0081 e2fe | ff1f 0085 
  0x0000026c2f39a8b4: d20f 8473 

  0x0000026c2f39a8b8: ;   {metadata(method data for {method} {0x0000026c43455018} 'coder' '()B' in 'java/lang/String')}
  0x0000026c2f39a8b8: 3b00 0048 | b9b8 f100 | 866c 0200 | 00ff 8120 | 0100 0041 | 0fbe 4810 

  0x0000026c2f39a8d0: ;   {metadata(method data for {method} {0x0000026c43455018} 'coder' '()B' in 'java/lang/String')}
  0x0000026c2f39a8d0: 48ba b8f1 | 0086 6c02 | 0000 ff82 | 3001 0000 | c1e1 18c1 | f918 41d3 | f949 8bd0 

  0x0000026c2f39a8ec: ;   {metadata(method data for {method} {0x0000026c43453d30} 'lastIndexOf' '(I)I' in 'java/lang/String')}
  0x0000026c2f39a8ec: 48be 785d | 0586 6c02 | 0000 4883 | 8648 0100 | 0001 41ff | c949 8bf0 | 41b8 2e00 | 0000 488b 
  0x0000026c2f39a90c: ;   {optimized virtual_call}
  0x0000026c2f39a90c: d666 90e8 

  0x0000026c2f39a910: ; ImmutableOopMap {[160]=Oop [168]=Oop }
                      ;*invokevirtual lastIndexOf {reexecute=0 rethrow=0 return_oop=0}
                      ; - java.lang.String::lastIndexOf@8
                      ; - org.eclipse.osgi.internal.loader.BundleLoader::getPackageName@7 (line 143)
                      ; - org.eclipse.osgi.internal.loader.BundleLoader::findClass0@30 (line 473)
  0x0000026c2f39a910: ece3 d2ff 

  0x0000026c2f39a914: ;   {other}
  0x0000026c2f39a914: 0f1f 8400 | 040c 0001 

  0x0000026c2f39a91c: ;   {metadata(method data for {method} {0x0000026c8658abc8} 'getPackageName' '(Ljava/lang/String;)Ljava/lang/String;' in 'org/eclipse/osgi/internal/loader/BundleLoader')}
  0x0000026c2f39a91c: 85c0 49b8 | 1091 7a86 | 6c02 0000 | 49c7 c178 | 0100 007f | 0749 c7c1 | 6801 0000 | 4b8b 1408 
  0x0000026c2f39a93c: 488d 5201 | 4b89 1408 | 0f8f 0f00 

  0x0000026c2f39a948: ;   {oop("."{0x00000000800016b8})}
  0x0000026c2f39a948: 0000 48be | b816 0080 | 0000 0000 | e93e 0000 | 004c 8b84 | 24a0 0000 

  0x0000026c2f39a960: ;   {metadata(method data for {method} {0x0000026c8658abc8} 'getPackageName' '(Ljava/lang/String;)Ljava/lang/String;' in 'org/eclipse/osgi/internal/loader/BundleLoader')}
  0x0000026c2f39a960: 0049 b910 | 917a 866c | 0200 0049 | 8381 8801 | 0000 0141 | b800 0000 | 004c 8bc8 | 488b 9424 
  0x0000026c2f39a980: a000 0000 

  0x0000026c2f39a984: ;   {optimized virtual_call}
  0x0000026c2f39a984: 6666 90e8 

  0x0000026c2f39a988: ; ImmutableOopMap {[160]=Oop [168]=Oop }
                      ;*invokevirtual substring {reexecute=0 rethrow=0 return_oop=0}
                      ; - org.eclipse.osgi.internal.loader.BundleLoader::getPackageName@18 (line 145)
                      ; - org.eclipse.osgi.internal.loader.BundleLoader::findClass0@30 (line 473)
  0x0000026c2f39a988: f4e1 7e07 

  0x0000026c2f39a98c: ;   {other}
  0x0000026c2f39a98c: 0f1f 8400 | 7c0c 0002 | 488b f048 | 8b94 24a8 | 0000 0044 | 8b42 1849 | 3b00 498b 

  0x0000026c2f39a9a8: ;   {metadata(method data for {method} {0x0000026c8658c840} 'findClass0' '(Ljava/lang/String;ZZ)Ljava/lang/Class;' in 'org/eclipse/osgi/internal/loader/BundleLoader')}
  0x0000026c2f39a9a8: f848 bbe0 | 5d7b 866c 

  0x0000026c2f39a9b0: ;   {metadata('org/eclipse/osgi/internal/debug/Debug')}
  0x0000026c2f39a9b0: 0200 0049 | ba80 0909 | 446c 0200 | 004c 8993 | 0002 0000 | 4883 8308 | 0200 0001 

  0x0000026c2f39a9cc: ;   {metadata(method data for {method} {0x0000026c864e54e8} 'loaderWithPackage' '(Ljava/lang/String;)Ljava/lang/String;' in 'org/eclipse/osgi/internal/debug/Debug')}
  0x0000026c2f39a9cc: 48bf 706c | 7b86 6c02 | 0000 8b9f | cc00 0000 | 83c3 0289 | 9fcc 0000 | 0081 e3fe | ff1f 0085 
  0x0000026c2f39a9ec: db0f 8461 | 3a00 0041 | 0fbe 780e 

  0x0000026c2f39a9f8: ;   {metadata(method data for {method} {0x0000026c864e54e8} 'loaderWithPackage' '(Ljava/lang/String;)Ljava/lang/String;' in 'org/eclipse/osgi/internal/debug/Debug')}
  0x0000026c2f39a9f8: 85ff 48bf | 706c 7b86 | 6c02 0000 | 48c7 c310 | 0100 0074 | 0748 c7c3 | 2001 0000 | 488b 041f 
  0x0000026c2f39aa18: 488d 4001 | 4889 041f | 0f84 1700 

  0x0000026c2f39aa24: ;   {oop("org.eclipse.osgi/debug/loader"{0x00000000800ec398})}
  0x0000026c2f39aa24: 0000 48bb | 98c3 0e80 | 0000 0000 | 4889 b424 | b800 0000 | e94e 0100 | 0041 0fbe | 780f 85ff 
  0x0000026c2f39aa44: ;   {metadata(method data for {method} {0x0000026c864e54e8} 'loaderWithPackage' '(Ljava/lang/String;)Ljava/lang/String;' in 'org/eclipse/osgi/internal/debug/Debug')}
  0x0000026c2f39aa44: 48bf 706c | 7b86 6c02 | 0000 48c7 | c340 0100 | 0075 0748 | c7c3 3001 | 0000 488b | 041f 488d 
  0x0000026c2f39aa64: 4001 4889 | 041f 0f85 | 0d00 0000 | 4889 b424 | b800 0000 | e9f5 0000 | 0041 8b78 | 2048 3b07 
  0x0000026c2f39aa84: ;   {metadata(method data for {method} {0x0000026c864e54e8} 'loaderWithPackage' '(Ljava/lang/String;)Ljava/lang/String;' in 'org/eclipse/osgi/internal/debug/Debug')}
  0x0000026c2f39aa84: 4c8b c748 | bb70 6c7b | 866c 0200 | 0045 8b40 | 0849 ba00 | 0000 436c | 0200 004d | 03c2 4c3b 
  0x0000026c2f39aaa4: 8360 0100 | 0075 0d48 | 8383 6801 | 0000 01e9 | 6000 0000 | 4c3b 8370 | 0100 0075 | 0d48 8383 
  0x0000026c2f39aac4: 7801 0000 | 01e9 4a00 | 0000 4883 | bb60 0100 | 0000 7517 | 4c89 8360 | 0100 0048 | c783 6801 
  0x0000026c2f39aae4: 0000 0100 | 0000 e929 | 0000 0048 | 83bb 7001 | 0000 0075 | 174c 8983 | 7001 0000 | 48c7 8378 
  0x0000026c2f39ab04: 0100 0001 | 0000 00e9 | 0800 0000 | 4883 8350 | 0100 0001 | 4c8b c648 | 8bd7 4889 | b424 b800 
  0x0000026c2f39ab24: 0000 0f1f | 8000 0000 | 0048 b8ff | ffff ffff 

  0x0000026c2f39ab34: ;   {virtual_call}
  0x0000026c2f39ab34: ffff ffe8 

  0x0000026c2f39ab38: ; ImmutableOopMap {[160]=Oop [168]=Oop [184]=Oop }
                      ;*invokeinterface contains {reexecute=0 rethrow=0 return_oop=0}
                      ; - org.eclipse.osgi.internal.debug.Debug::loaderWithPackage@22 (line 275)
                      ; - org.eclipse.osgi.internal.loader.BundleLoader::findClass0@41 (line 474)
  0x0000026c2f39ab38: 2409 2407 

  0x0000026c2f39ab3c: ;   {other}
  0x0000026c2f39ab3c: 0f1f 8400 | 2c0e 0003 

  0x0000026c2f39ab44: ;   {metadata(method data for {method} {0x0000026c864e54e8} 'loaderWithPackage' '(Ljava/lang/String;)Ljava/lang/String;' in 'org/eclipse/osgi/internal/debug/Debug')}
  0x0000026c2f39ab44: 85c0 48ba | 706c 7b86 | 6c02 0000 | 48c7 c698 | 0100 0075 | 0748 c7c6 | 8801 0000 | 488b 3c32 
  0x0000026c2f39ab64: 488d 7f01 | 4889 3c32 | 0f85 0f00 

  0x0000026c2f39ab70: ;   {oop(nullptr)}
  0x0000026c2f39ab70: 0000 48bb | 0000 0000 | 0000 0000 | e90a 0000 

  0x0000026c2f39ab80: ;   {oop("org.eclipse.osgi/debug/loader/packages"{0x00000000800ec3e0})}
  0x0000026c2f39ab80: 0048 bbe0 | c30e 8000 | 0000 0048 

  0x0000026c2f39ab8c: ;   {metadata(method data for {method} {0x0000026c8658c840} 'findClass0' '(Ljava/lang/String;ZZ)Ljava/lang/Class;' in 'org/eclipse/osgi/internal/loader/BundleLoader')}
  0x0000026c2f39ab8c: 85db 48ba | e05d 7b86 | 6c02 0000 | 48c7 c628 | 0200 0074 | 0748 c7c6 | 3802 0000 | 488b 3c32 
  0x0000026c2f39abac: 488d 7f01 | 4889 3c32 | 4889 9c24 | d000 0000 | 0f84 fa08 | 0000 488b | 9424 a800 | 0000 448b 
  0x0000026c2f39abcc: 4a18 4c89 | 8c24 c800 | 0000 6690 

  0x0000026c2f39abd8: ;   {no_reloc}
  0x0000026c2f39abd8: e9ac 3800 | 0000 0000 | 0000 498b | 87b8 0100 | 0048 8d78 | 1849 3bbf | c801 0000 | 0f87 9938 
  0x0000026c2f39abf8: 0000 4989 | bfb8 0100 | 0048 c700 | 0100 0000 | 488b ca49 | ba00 0000 | 436c 0200 | 0049 2bca 
  0x0000026c2f39ac18: 8948 0848 | 33c9 8948 | 0c48 33c9 | 4889 4810 | 4889 8424 | c000 0000 

  0x0000026c2f39ac30: ;   {metadata(method data for {method} {0x0000026c8658c840} 'findClass0' '(Ljava/lang/String;ZZ)Ljava/lang/Class;' in 'org/eclipse/osgi/internal/loader/BundleLoader')}
  0x0000026c2f39ac30: 4c8b c048 | bae0 5d7b | 866c 0200 | 0048 8382 | 4802 0000 

  0x0000026c2f39ac44: ;   {metadata(method data for {method} {0x0000026c43461da8} '<init>' '(Ljava/lang/String;)V' in 'java/lang/StringBuilder')}
  0x0000026c2f39ac44: 0149 b870 | 5130 866c | 0200 0041 | 8b90 cc00 | 0000 83c2 | 0241 8990 | cc00 0000 | 81e2 feff 
  0x0000026c2f39ac64: 1f00 85d2 | 0f84 3238 | 0000 4c8b 

  0x0000026c2f39ac70: ;   {metadata(method data for {method} {0x0000026c43461da8} '<init>' '(Ljava/lang/String;)V' in 'java/lang/StringBuilder')}
  0x0000026c2f39ac70: c048 ba70 | 5130 866c | 0200 0048 | 8382 1001 

  0x0000026c2f39ac80: ;   {oop("BundleLoader["{0x00000000d57764f8})}
  0x0000026c2f39ac80: 0000 0149 | b8f8 6477 | d500 0000 | 0048 8bd0 | 0f1f 8000 

  0x0000026c2f39ac94: ;   {optimized virtual_call}
  0x0000026c2f39ac94: 0000 00e8 

  0x0000026c2f39ac98: ; ImmutableOopMap {[160]=Oop [168]=Oop [184]=Oop [192]=Oop [200]=Oop [208]=Oop }
                      ;*invokespecial <init> {reexecute=0 rethrow=0 return_oop=0}
                      ; - java.lang.StringBuilder::<init>@2
                      ; - org.eclipse.osgi.internal.loader.BundleLoader::findClass0@64 (line 476)
  0x0000026c2f39ac98: e43e 2407 

  0x0000026c2f39ac9c: ;   {other}
  0x0000026c2f39ac9c: 0f1f 8400 | 8c0f 0004 | 488b 8424 | c000 0000 

  0x0000026c2f39acac: ;   {metadata(method data for {method} {0x0000026c8658c840} 'findClass0' '(Ljava/lang/String;ZZ)Ljava/lang/Class;' in 'org/eclipse/osgi/internal/loader/BundleLoader')}
  0x0000026c2f39acac: 48ba e05d | 7b86 6c02 | 0000 4883 | 8258 0200 

  0x0000026c2f39acbc: ;   {metadata(method data for {method} {0x0000026c43461b40} 'append' '(Ljava/lang/Object;)Ljava/lang/StringBuilder;' in 'java/lang/StringBuilder')}
  0x0000026c2f39acbc: 0001 48ba | 80f7 0986 | 6c02 0000 | 8bb2 cc00 | 0000 83c6 | 0289 b2cc | 0000 0081 | e6fe ff1f 
  0x0000026c2f39acdc: 0085 f60f | 84dc 3700 

  0x0000026c2f39ace4: ;   {metadata(method data for {method} {0x0000026c43461b40} 'append' '(Ljava/lang/Object;)Ljava/lang/StringBuilder;' in 'java/lang/StringBuilder')}
  0x0000026c2f39ace4: 0048 ba80 | f709 866c | 0200 0048 | 8382 1001 

  0x0000026c2f39acf4: ;   {metadata(method data for {method} {0x0000026c43455280} 'valueOf' '(Ljava/lang/Object;)Ljava/lang/String;' in 'java/lang/String')}
  0x0000026c2f39acf4: 0000 0148 | ba20 f909 | 866c 0200 | 008b b2cc | 0000 0083 | c602 89b2 | cc00 0000 | 81e6 feff 
  0x0000026c2f39ad14: 1f00 85f6 | 0f84 c437 

  0x0000026c2f39ad1c: ;   {metadata(method data for {method} {0x0000026c43455280} 'valueOf' '(Ljava/lang/Object;)Ljava/lang/String;' in 'java/lang/String')}
  0x0000026c2f39ad1c: 0000 48ba | 20f9 0986 | 6c02 0000 | ff82 1001 | 0000 488b | 9424 a800 

  0x0000026c2f39ad34: ;   {metadata(method data for {method} {0x0000026c43455280} 'valueOf' '(Ljava/lang/Object;)Ljava/lang/String;' in 'java/lang/String')}
  0x0000026c2f39ad34: 0000 48be | 20f9 0986 | 6c02 0000 | 8b52 0849 | ba00 0000 | 436c 0200 | 0049 03d2 | 483b 9658 
  0x0000026c2f39ad54: 0100 0075 | 0d48 8386 | 6001 0000 | 01e9 6000 | 0000 483b | 9668 0100 | 0075 0d48 | 8386 7001 
  0x0000026c2f39ad74: 0000 01e9 | 4a00 0000 | 4883 be58 | 0100 0000 | 7517 4889 | 9658 0100 | 0048 c786 | 6001 0000 
  0x0000026c2f39ad94: 0100 0000 | e929 0000 | 0048 83be | 6801 0000 | 0075 1748 | 8996 6801 | 0000 48c7 | 8670 0100 
  0x0000026c2f39adb4: 0001 0000 | 00e9 0800 | 0000 4883 | 8648 0100 | 0001 488b | 9424 a800 

  0x0000026c2f39adcc: ;   {optimized virtual_call}
  0x0000026c2f39adcc: 0000 90e8 

  0x0000026c2f39add0: ; ImmutableOopMap {[160]=Oop [168]=Oop [184]=Oop [192]=Oop [200]=Oop [208]=Oop }
                      ;*invokevirtual toString {reexecute=0 rethrow=0 return_oop=0}
                      ; - java.lang.String::valueOf@11
                      ; - java.lang.StringBuilder::append@2
                      ; - org.eclipse.osgi.internal.loader.BundleLoader::findClass0@68 (line 476)
  0x0000026c2f39add0: ac3d 2407 

  0x0000026c2f39add4: ;   {other}
  0x0000026c2f39add4: 0f1f 8400 | c410 0005 | 4c8b 8424 | c000 0000 

  0x0000026c2f39ade4: ;   {metadata(method data for {method} {0x0000026c43461b40} 'append' '(Ljava/lang/Object;)Ljava/lang/StringBuilder;' in 'java/lang/StringBuilder')}
  0x0000026c2f39ade4: 48ba 80f7 | 0986 6c02 | 0000 4883 | 8220 0100 

  0x0000026c2f39adf4: ;   {metadata(method data for {method} {0x0000026c43461ae8} 'append' '(Ljava/lang/String;)Ljava/lang/StringBuilder;' in 'java/lang/StringBuilder')}
  0x0000026c2f39adf4: 0001 49b8 | 20c3 0086 | 6c02 0000 | 418b 90cc | 0000 0083 | c202 4189 | 90cc 0000 | 0081 e2fe 
  0x0000026c2f39ae14: ff1f 0085 | d20f 84e4 | 3600 004c | 8b84 24c0 

  0x0000026c2f39ae24: ;   {metadata(method data for {method} {0x0000026c43461ae8} 'append' '(Ljava/lang/String;)Ljava/lang/StringBuilder;' in 'java/lang/StringBuilder')}
  0x0000026c2f39ae24: 0000 0048 | ba20 c300 | 866c 0200 | 0048 8382 | 1001 0000 | 014c 8bc0 | 488b 9424 | c000 0000 
  0x0000026c2f39ae44: ;   {optimized virtual_call}
  0x0000026c2f39ae44: 6666 90e8 

  0x0000026c2f39ae48: ; ImmutableOopMap {[160]=Oop [168]=Oop [184]=Oop [192]=Oop [200]=Oop [208]=Oop }
                      ;*invokespecial append {reexecute=0 rethrow=0 return_oop=0}
                      ; - java.lang.StringBuilder::append@2
                      ; - java.lang.StringBuilder::append@5
                      ; - org.eclipse.osgi.internal.loader.BundleLoader::findClass0@68 (line 476)
  0x0000026c2f39ae48: 343d 2407 

  0x0000026c2f39ae4c: ;   {other}
  0x0000026c2f39ae4c: 0f1f 8400 | 3c11 0006 | 488b 8424 | c000 0000 

  0x0000026c2f39ae5c: ;   {metadata(method data for {method} {0x0000026c8658c840} 'findClass0' '(Ljava/lang/String;ZZ)Ljava/lang/Class;' in 'org/eclipse/osgi/internal/loader/BundleLoader')}
  0x0000026c2f39ae5c: 4c8b c048 | bae0 5d7b | 866c 0200 | 0048 8382 | 9002 0000 

  0x0000026c2f39ae70: ;   {metadata(method data for {method} {0x0000026c43461ae8} 'append' '(Ljava/lang/String;)Ljava/lang/StringBuilder;' in 'java/lang/StringBuilder')}
  0x0000026c2f39ae70: 0149 b820 | c300 866c | 0200 0041 | 8b90 cc00 | 0000 83c2 | 0241 8990 | cc00 0000 | 81e2 feff 
  0x0000026c2f39ae90: 1f00 85d2 | 0f84 8a36 | 0000 4c8b 

  0x0000026c2f39ae9c: ;   {metadata(method data for {method} {0x0000026c43461ae8} 'append' '(Ljava/lang/String;)Ljava/lang/StringBuilder;' in 'java/lang/StringBuilder')}
  0x0000026c2f39ae9c: c048 ba20 | c300 866c | 0200 0048 | 8382 1001 

  0x0000026c2f39aeac: ;   {oop("].findClass("{0x00000000d5776678})}
  0x0000026c2f39aeac: 0000 0149 | b878 6677 | d500 0000 | 0048 8bd0 

  0x0000026c2f39aebc: ;   {optimized virtual_call}
  0x0000026c2f39aebc: 6666 90e8 

  0x0000026c2f39aec0: ; ImmutableOopMap {[160]=Oop [168]=Oop [184]=Oop [192]=Oop [200]=Oop [208]=Oop }
                      ;*invokespecial append {reexecute=0 rethrow=0 return_oop=0}
                      ; - java.lang.StringBuilder::append@2
                      ; - org.eclipse.osgi.internal.loader.BundleLoader::findClass0@74 (line 476)
  0x0000026c2f39aec0: bc3c 2407 

  0x0000026c2f39aec4: ;   {other}
  0x0000026c2f39aec4: 0f1f 8400 | b411 0007 | 488b 8424 | c000 0000 

  0x0000026c2f39aed4: ;   {metadata(method data for {method} {0x0000026c8658c840} 'findClass0' '(Ljava/lang/String;ZZ)Ljava/lang/Class;' in 'org/eclipse/osgi/internal/loader/BundleLoader')}
  0x0000026c2f39aed4: 49b8 e05d | 7b86 6c02 | 0000 4983 | 80c8 0200 

  0x0000026c2f39aee4: ;   {metadata(method data for {method} {0x0000026c43461ae8} 'append' '(Ljava/lang/String;)Ljava/lang/StringBuilder;' in 'java/lang/StringBuilder')}
  0x0000026c2f39aee4: 0001 49b8 | 20c3 0086 | 6c02 0000 | 418b 90cc | 0000 0083 | c202 4189 | 90cc 0000 | 0081 e2fe 
  0x0000026c2f39af04: ff1f 0085 | d20f 8436 | 3600 0048 | 8b84 24c0 

  0x0000026c2f39af14: ;   {metadata(method data for {method} {0x0000026c43461ae8} 'append' '(Ljava/lang/String;)Ljava/lang/StringBuilder;' in 'java/lang/StringBuilder')}
  0x0000026c2f39af14: 0000 0049 | b820 c300 | 866c 0200 | 0049 8380 | 1001 0000 | 014c 8b84 | 24a0 0000 | 0048 8b94 
  0x0000026c2f39af34: 24c0 0000 | 0066 0f1f 

  0x0000026c2f39af3c: ;   {optimized virtual_call}
  0x0000026c2f39af3c: 4400 00e8 

  0x0000026c2f39af40: ; ImmutableOopMap {[160]=Oop [168]=Oop [184]=Oop [192]=Oop [200]=Oop [208]=Oop }
                      ;*invokespecial append {reexecute=0 rethrow=0 return_oop=0}
                      ; - java.lang.StringBuilder::append@2
                      ; - org.eclipse.osgi.internal.loader.BundleLoader::findClass0@78 (line 476)
  0x0000026c2f39af40: 3c3c 2407 

  0x0000026c2f39af44: ;   {other}
  0x0000026c2f39af44: 0f1f 8400 | 3412 0008 | 488b 8424 | c000 0000 

  0x0000026c2f39af54: ;   {metadata(method data for {method} {0x0000026c8658c840} 'findClass0' '(Ljava/lang/String;ZZ)Ljava/lang/Class;' in 'org/eclipse/osgi/internal/loader/BundleLoader')}
  0x0000026c2f39af54: 49b8 e05d | 7b86 6c02 | 0000 4983 | 8000 0300 

  0x0000026c2f39af64: ;   {metadata(method data for {method} {0x0000026c43461ae8} 'append' '(Ljava/lang/String;)Ljava/lang/StringBuilder;' in 'java/lang/StringBuilder')}
  0x0000026c2f39af64: 0001 49b8 | 20c3 0086 | 6c02 0000 | 418b 90cc | 0000 0083 | c202 4189 | 90cc 0000 | 0081 e2fe 
  0x0000026c2f39af84: ff1f 0085 | d20f 84d7 | 3500 0048 | 8b84 24c0 

  0x0000026c2f39af94: ;   {metadata(method data for {method} {0x0000026c43461ae8} 'append' '(Ljava/lang/String;)Ljava/lang/StringBuilder;' in 'java/lang/StringBuilder')}
  0x0000026c2f39af94: 0000 0049 | b820 c300 | 866c 0200 | 0049 8380 | 1001 0000 

  0x0000026c2f39afa8: ;   {oop(")"{0x0000000080000940})}
  0x0000026c2f39afa8: 0149 b840 | 0900 8000 | 0000 0048 | 8b94 24c0 | 0000 000f 

  0x0000026c2f39afbc: ;   {optimized virtual_call}
  0x0000026c2f39afbc: 1f40 00e8 

  0x0000026c2f39afc0: ; ImmutableOopMap {[160]=Oop [168]=Oop [184]=Oop [192]=Oop [200]=Oop [208]=Oop }
                      ;*invokespecial append {reexecute=0 rethrow=0 return_oop=0}
                      ; - java.lang.StringBuilder::append@2
                      ; - org.eclipse.osgi.internal.loader.BundleLoader::findClass0@84 (line 476)
  0x0000026c2f39afc0: bc3b 2407 

  0x0000026c2f39afc4: ;   {other}
  0x0000026c2f39afc4: 0f1f 8400 | b412 0009 | 488b 8424 | c000 0000 

  0x0000026c2f39afd4: ;   {metadata(method data for {method} {0x0000026c8658c840} 'findClass0' '(Ljava/lang/String;ZZ)Ljava/lang/Class;' in 'org/eclipse/osgi/internal/loader/BundleLoader')}
  0x0000026c2f39afd4: 48ba e05d | 7b86 6c02 | 0000 4883 | 8238 0300 

  0x0000026c2f39afe4: ;   {metadata(method data for {method} {0x0000026c43008958} 'toString' '()Ljava/lang/String;' in 'java/lang/StringBuilder')}
  0x0000026c2f39afe4: 0001 48ba | 48ca 0086 | 6c02 0000 | 8bb2 cc00 | 0000 83c6 | 0289 b2cc | 0000 0081 | e6fe ff1f 
  0x0000026c2f39b004: 0085 f60f | 847a 3500 

  0x0000026c2f39b00c: ;   {metadata('java/lang/String')}
  0x0000026c2f39b00c: 0048 ba78 | e800 436c | 0200 0049 | 8b87 b801 | 0000 488d | 7818 493b | bfc8 0100 | 000f 8779 
  0x0000026c2f39b02c: 3500 0049 | 89bf b801 | 0000 48c7 | 0001 0000 | 0048 8bca | 49ba 0000 | 0043 6c02 | 0000 492b 
  0x0000026c2f39b04c: ca89 4808 | 4833 c989 | 480c 4833 | c948 8948 | 104c 8bc0 

  0x0000026c2f39b060: ;   {metadata(method data for {method} {0x0000026c43008958} 'toString' '()Ljava/lang/String;' in 'java/lang/StringBuilder')}
  0x0000026c2f39b060: 49b9 48ca | 0086 6c02 | 0000 4983 | 8110 0100 

  0x0000026c2f39b070: ;   {metadata(method data for {method} {0x0000026c43455dd8} '<init>' '(Ljava/lang/StringBuilder;)V' in 'java/lang/String')}
  0x0000026c2f39b070: 0001 49b8 | 90cb 0086 | 6c02 0000 | 458b 88cc | 0000 0041 | 83c1 0245 | 8988 cc00 | 0000 4181 
  0x0000026c2f39b090: e1fe ff1f | 0045 85c9 | 0f84 1735 | 0000 4c8b 

  0x0000026c2f39b0a0: ;   {metadata(method data for {method} {0x0000026c43455dd8} '<init>' '(Ljava/lang/StringBuilder;)V' in 'java/lang/String')}
  0x0000026c2f39b0a0: c049 b990 | cb00 866c | 0200 0049 | 8381 1001 | 0000 014c | 8b84 24c0 

  0x0000026c2f39b0b8: ;   {oop(nullptr)}
  0x0000026c2f39b0b8: 0000 0049 | b900 0000 | 0000 0000 | 0048 8bd0 | 4889 8424 | d800 0000 | 0f1f 8000 

  0x0000026c2f39b0d4: ;   {optimized virtual_call}
  0x0000026c2f39b0d4: 0000 00e8 

  0x0000026c2f39b0d8: ; ImmutableOopMap {[160]=Oop [168]=Oop [184]=Oop [200]=Oop [208]=Oop [216]=Oop }
                      ;*invokespecial <init> {reexecute=0 rethrow=0 return_oop=0}
                      ; - java.lang.String::<init>@3
                      ; - java.lang.StringBuilder::toString@5
                      ; - org.eclipse.osgi.internal.loader.BundleLoader::findClass0@87 (line 476)
  0x0000026c2f39b0d8: a43a 2407 

  0x0000026c2f39b0dc: ;   {other}
  0x0000026c2f39b0dc: 0f1f 8400 | cc13 000a | 4c8b 8c24 | c800 0000 

  0x0000026c2f39b0ec: ; implicit exception: dispatches to 0x0000026c2f39e5d6
  0x0000026c2f39b0ec: 493b 014d 

  0x0000026c2f39b0f0: ;   {metadata(method data for {method} {0x0000026c8658c840} 'findClass0' '(Ljava/lang/String;ZZ)Ljava/lang/Class;' in 'org/eclipse/osgi/internal/loader/BundleLoader')}
  0x0000026c2f39b0f0: 8bc1 48ba | e05d 7b86 | 6c02 0000 

  0x0000026c2f39b0fc: ;   {metadata('org/eclipse/osgi/internal/debug/Debug')}
  0x0000026c2f39b0fc: 49ba 8009 | 0944 6c02 | 0000 4c89 | 9280 0300 | 0048 8382 | 8803 0000 

  0x0000026c2f39b114: ;   {metadata(method data for {method} {0x0000026c864e5400} 'trace' '(Ljava/lang/String;Ljava/lang/String;)V' in 'org/eclipse/osgi/internal/debug/Debug')}
  0x0000026c2f39b114: 0149 b880 | 327a 866c | 0200 0041 | 8b90 cc00 | 0000 83c2 | 0241 8990 | cc00 0000 | 81e2 feff 
  0x0000026c2f39b134: 1f00 85d2 | 0f84 9d34 | 0000 418b | 5124 4885 

  0x0000026c2f39b144: ;   {metadata(method data for {method} {0x0000026c864e5400} 'trace' '(Ljava/lang/String;Ljava/lang/String;)V' in 'org/eclipse/osgi/internal/debug/Debug')}
  0x0000026c2f39b144: d249 b880 | 327a 866c | 0200 0049 | c7c1 1001 | 0000 7407 | 49c7 c120 | 0100 004b | 8b34 0848 
  0x0000026c2f39b164: 8d76 014b | 8934 080f | 84f9 0200 | 0048 85d2 | 0f84 2900 

  0x0000026c2f39b178: ;   {metadata('org/eclipse/osgi/internal/log/ExtendedLogServiceImpl')}
  0x0000026c2f39b178: 0000 48bf | 4056 0944 | 6c02 0000 | 8b72 0849 | ba00 0000 | 436c 0200 | 0049 03f2 | 483b 7e38 
  0x0000026c2f39b198: 0f85 5e34 | 0000 e900 | 0000 004c | 8bc2 483b | 024c 8bc2 

  0x0000026c2f39b1ac: ;   {metadata(method data for {method} {0x0000026c864e5400} 'trace' '(Ljava/lang/String;Ljava/lang/String;)V' in 'org/eclipse/osgi/internal/debug/Debug')}
  0x0000026c2f39b1ac: 49b9 8032 | 7a86 6c02 

  0x0000026c2f39b1b4: ;   {metadata('org/eclipse/osgi/internal/log/ExtendedLogServiceImpl')}
  0x0000026c2f39b1b4: 0000 49ba | 4056 0944 | 6c02 0000 | 4d89 9140 | 0100 0049 | 8381 4801 

  0x0000026c2f39b1cc: ;   {metadata(method data for {method} {0x0000026c8650ca90} 'getLogger' '(Ljava/lang/String;)Lorg/osgi/service/log/Logger;' in 'org/eclipse/osgi/internal/log/ExtendedLogServiceImpl')}
  0x0000026c2f39b1cc: 0000 0149 | b8c0 347a | 866c 0200 | 0045 8b88 | cc00 0000 | 4183 c102 | 4589 88cc | 0000 0041 
  0x0000026c2f39b1ec: 81e1 feff | 1f00 4585 | c90f 840b | 3400 004c 

  0x0000026c2f39b1fc: ;   {metadata(method data for {method} {0x0000026c8650ca90} 'getLogger' '(Ljava/lang/String;)Lorg/osgi/service/log/Logger;' in 'org/eclipse/osgi/internal/log/ExtendedLogServiceImpl')}
  0x0000026c2f39b1fc: 8bc2 49b9 | c034 7a86 | 6c02 0000 

  0x0000026c2f39b208: ;   {metadata('org/eclipse/osgi/internal/log/ExtendedLogServiceImpl')}
  0x0000026c2f39b208: 49ba 4056 | 0944 6c02 | 0000 4d89 | 9120 0100 | 0049 8381 | 2801 0000 

  0x0000026c2f39b220: ;   {metadata(method data for {method} {0x0000026c8650a318} 'getLogger' '(Ljava/lang/String;)Lorg/eclipse/equinox/log/Logger;' in 'org/eclipse/osgi/internal/log/ExtendedLogServiceImpl')}
  0x0000026c2f39b220: 0149 b850 | 367a 866c | 0200 0045 | 8b88 cc00 | 0000 4183 | c102 4589 | 88cc 0000 | 0041 81e1 
  0x0000026c2f39b240: feff 1f00 | 4585 c90f | 84da 3300 | 004c 8bc2 

  0x0000026c2f39b250: ;   {metadata(method data for {method} {0x0000026c8650a318} 'getLogger' '(Ljava/lang/String;)Lorg/eclipse/equinox/log/Logger;' in 'org/eclipse/osgi/internal/log/ExtendedLogServiceImpl')}
  0x0000026c2f39b250: 49b9 5036 | 7a86 6c02 

  0x0000026c2f39b258: ;   {metadata('org/eclipse/osgi/internal/log/ExtendedLogServiceImpl')}
  0x0000026c2f39b258: 0000 49ba | 4056 0944 | 6c02 0000 | 4d89 9120 | 0100 0049 | 8381 2801 | 0000 014c | 8b84 24d0 
  0x0000026c2f39b278: ;   {oop(a 'java/lang/Class'{0x00000000d72b0698} = 'org/osgi/service/log/Logger')}
  0x0000026c2f39b278: 0000 0049 | b998 062b | d700 0000 

  0x0000026c2f39b284: ;   {optimized virtual_call}
  0x0000026c2f39b284: 0066 90e8 

  0x0000026c2f39b288: ; ImmutableOopMap {[160]=Oop [168]=Oop [184]=Oop [208]=Oop [216]=Oop }
                      ;*invokevirtual getLogger {reexecute=0 rethrow=0 return_oop=0}
                      ; - org.eclipse.osgi.internal.log.ExtendedLogServiceImpl::getLogger@4 (line 73)
                      ; - org.eclipse.osgi.internal.log.ExtendedLogServiceImpl::getLogger@2 (line 1)
                      ; - org.eclipse.osgi.internal.debug.Debug::trace@11 (line 265)
                      ; - org.eclipse.osgi.internal.loader.BundleLoader::findClass0@90 (line 476)
  0x0000026c2f39b288: f438 2407 

  0x0000026c2f39b28c: ;   {other}
  0x0000026c2f39b28c: 0f1f 8400 | 7c15 000b | 4885 c075 

  0x0000026c2f39b298: ;   {metadata(method data for {method} {0x0000026c8650a318} 'getLogger' '(Ljava/lang/String;)Lorg/eclipse/equinox/log/Logger;' in 'org/eclipse/osgi/internal/log/ExtendedLogServiceImpl')}
  0x0000026c2f39b298: 1648 be50 | 367a 866c | 0200 0080 | 8e41 0100 | 0001 e9e7 

  0x0000026c2f39b2ac: ;   {metadata('org/eclipse/equinox/log/Logger')}
  0x0000026c2f39b2ac: 0000 0048 | bff8 2909 | 446c 0200 | 008b 7008 | 49ba 0000 | 0043 6c02 | 0000 4903 | f248 3b7e 
  0x0000026c2f39b2cc: 200f 841a | 0000 0048 | 3bf7 0f84 | 1100 0000 

  0x0000026c2f39b2dc: ;   {runtime_call slow_subtype_check Runtime1 stub}
  0x0000026c2f39b2dc: 5657 e81d | 662f 075e | 5e85 f60f | 848d 0000 

  0x0000026c2f39b2ec: ;   {metadata(method data for {method} {0x0000026c8650a318} 'getLogger' '(Ljava/lang/String;)Lorg/eclipse/equinox/log/Logger;' in 'org/eclipse/osgi/internal/log/ExtendedLogServiceImpl')}
  0x0000026c2f39b2ec: 0048 be50 | 367a 866c | 0200 008b | 7808 49ba | 0000 0043 | 6c02 0000 | 4903 fa48 | 3bbe 5801 
  0x0000026c2f39b30c: 0000 750d | 4883 8660 | 0100 0001 | e979 0000 | 0048 3bbe | 6801 0000 | 750d 4883 | 8670 0100 
  0x0000026c2f39b32c: 0001 e963 | 0000 0048 | 83be 5801 | 0000 0075 | 1748 89be | 5801 0000 | 48c7 8660 | 0100 0001 
  0x0000026c2f39b34c: 0000 00e9 | 4200 0000 | 4883 be68 | 0100 0000 | 7517 4889 | be68 0100 | 0048 c786 | 7001 0000 
  0x0000026c2f39b36c: 0100 0000 | e921 0000 | 00e9 1c00 

  0x0000026c2f39b378: ;   {metadata(method data for {method} {0x0000026c8650a318} 'getLogger' '(Ljava/lang/String;)Lorg/eclipse/equinox/log/Logger;' in 'org/eclipse/osgi/internal/log/ExtendedLogServiceImpl')}
  0x0000026c2f39b378: 0000 48be | 5036 7a86 | 6c02 0000 | 4883 ae48 | 0100 0001 | e9b7 3200 | 00e9 0000 | 0000 488b 
  0x0000026c2f39b398: d048 3b02 

  0x0000026c2f39b39c: ;   {metadata(method data for {method} {0x0000026c864e5400} 'trace' '(Ljava/lang/String;Ljava/lang/String;)V' in 'org/eclipse/osgi/internal/debug/Debug')}
  0x0000026c2f39b39c: 4c8b c248 | be80 327a | 866c 0200 | 0045 8b40 | 0849 ba00 | 0000 436c | 0200 004d | 03c2 4c3b 
  0x0000026c2f39b3bc: 8678 0100 | 0075 0d48 | 8386 8001 | 0000 01e9 | 6000 0000 | 4c3b 8688 | 0100 0075 | 0d48 8386 
  0x0000026c2f39b3dc: 9001 0000 | 01e9 4a00 | 0000 4883 | be78 0100 | 0000 7517 | 4c89 8678 | 0100 0048 | c786 8001 
  0x0000026c2f39b3fc: 0000 0100 | 0000 e929 | 0000 0048 | 83be 8801 | 0000 0075 | 174c 8986 | 8801 0000 | 48c7 8690 
  0x0000026c2f39b41c: 0100 0001 | 0000 00e9 | 0800 0000 | 4883 8668 | 0100 0001 | 4c8b 8424 | d800 0000 | 0f1f 4400 
  0x0000026c2f39b43c: 0048 b8ff | ffff ffff 

  0x0000026c2f39b444: ;   {virtual_call}
  0x0000026c2f39b444: ffff ffe8 

  0x0000026c2f39b448: ; ImmutableOopMap {[160]=Oop [168]=Oop [184]=Oop [208]=Oop }
                      ;*invokeinterface debug {reexecute=0 rethrow=0 return_oop=0}
                      ; - org.eclipse.osgi.internal.debug.Debug::trace@17 (line 265)
                      ; - org.eclipse.osgi.internal.loader.BundleLoader::findClass0@90 (line 476)
  0x0000026c2f39b448: 343c 2407 

  0x0000026c2f39b44c: ;   {other}
  0x0000026c2f39b44c: 0f1f 8400 | 3c17 000c 

  0x0000026c2f39b454: ;   {metadata(method data for {method} {0x0000026c864e5400} 'trace' '(Ljava/lang/String;Ljava/lang/String;)V' in 'org/eclipse/osgi/internal/debug/Debug')}
  0x0000026c2f39b454: 49b8 8032 | 7a86 6c02 | 0000 41ff | 80a0 0100 | 00e9 5200 | 0000 488b | 8424 d800 

  0x0000026c2f39b470: ;   {oop(a 'java/lang/Class'{0x00000000d729fd18} = 'org/eclipse/osgi/internal/debug/Debug')}
  0x0000026c2f39b470: 0000 49b8 | 18fd 29d7 | 0000 0000 | 418b 90d0 | 0000 0048 | 3b02 4c8b 

  0x0000026c2f39b488: ;   {metadata(method data for {method} {0x0000026c864e5400} 'trace' '(Ljava/lang/String;Ljava/lang/String;)V' in 'org/eclipse/osgi/internal/debug/Debug')}
  0x0000026c2f39b488: c248 be80 | 327a 866c 

  0x0000026c2f39b490: ;   {metadata('java/io/PrintStream')}
  0x0000026c2f39b490: 0200 0049 | bac8 a300 | 436c 0200 | 004c 8996 | c801 0000 | 4883 86d0 | 0100 0001 

  0x0000026c2f39b4ac: ;   {optimized virtual_call}
  0x0000026c2f39b4ac: 4c8b c0e8 

  0x0000026c2f39b4b0: ; ImmutableOopMap {[160]=Oop [168]=Oop [184]=Oop [208]=Oop }
                      ;*invokevirtual println {reexecute=0 rethrow=0 return_oop=0}
                      ; - org.eclipse.osgi.internal.debug.Debug::trace@29 (line 267)
                      ; - org.eclipse.osgi.internal.loader.BundleLoader::findClass0@90 (line 476)
  0x0000026c2f39b4b0: cc36 2407 

  0x0000026c2f39b4b4: ;   {other}
  0x0000026c2f39b4b4: 0f1f 8400 | a417 000d | 448b 8c24 | b000 0000 

  0x0000026c2f39b4c4: ;   {metadata(method data for {method} {0x0000026c8658c840} 'findClass0' '(Ljava/lang/String;ZZ)Ljava/lang/Class;' in 'org/eclipse/osgi/internal/loader/BundleLoader')}
  0x0000026c2f39b4c4: 4585 c949 | b8e0 5d7b | 866c 0200 | 0048 c7c2 | b803 0000 | 7507 48c7 | c2a8 0300 | 0049 8b34 
  0x0000026c2f39b4e4: 1048 8d76 | 0149 8934 | 100f 850a | 0000 00be | 0000 0000 | e98d 0200 | 0048 8b94 | 24a8 0000 
  0x0000026c2f39b504: 0044 8b42 | 484d 85c0 

  0x0000026c2f39b50c: ;   {metadata(method data for {method} {0x0000026c8658c840} 'findClass0' '(Ljava/lang/String;ZZ)Ljava/lang/Class;' in 'org/eclipse/osgi/internal/loader/BundleLoader')}
  0x0000026c2f39b50c: 49b8 e05d | 7b86 6c02 | 0000 48c7 | c6d8 0300 | 0075 0748 | c7c6 c803 | 0000 498b | 3c30 488d 
  0x0000026c2f39b52c: 7f01 4989 | 3c30 0f85 | 0a00 0000 | be00 0000 | 00e9 4802 | 0000 8b72 | 1448 3b06 

  0x0000026c2f39b548: ;   {metadata(method data for {method} {0x0000026c8658c840} 'findClass0' '(Ljava/lang/String;ZZ)Ljava/lang/Class;' in 'org/eclipse/osgi/internal/loader/BundleLoader')}
  0x0000026c2f39b548: 4c8b c648 | bfe0 5d7b | 866c 0200 

  0x0000026c2f39b554: ;   {metadata('org/eclipse/osgi/internal/framework/EquinoxContainer')}
  0x0000026c2f39b554: 0049 ba00 | b008 446c | 0200 004c | 8997 f803 | 0000 4883 | 8700 0400 | 0001 4c8b | 8424 b800 
  0x0000026c2f39b574: 0000 488b | d666 0f1f 

  0x0000026c2f39b57c: ;   {optimized virtual_call}
  0x0000026c2f39b57c: 4400 00e8 

  0x0000026c2f39b580: ; ImmutableOopMap {[160]=Oop [168]=Oop [184]=Oop [208]=Oop }
                      ;*invokevirtual isBootDelegationPackage {reexecute=0 rethrow=0 return_oop=0}
                      ; - org.eclipse.osgi.internal.loader.BundleLoader::findClass0@113 (line 480)
  0x0000026c2f39b580: 9938 0000 

  0x0000026c2f39b584: ;   {other}
  0x0000026c2f39b584: 0f1f 8400 | 7418 000e 

  0x0000026c2f39b58c: ;   {metadata(method data for {method} {0x0000026c8658c840} 'findClass0' '(Ljava/lang/String;ZZ)Ljava/lang/Class;' in 'org/eclipse/osgi/internal/loader/BundleLoader')}
  0x0000026c2f39b58c: 85c0 49b8 | e05d 7b86 | 6c02 0000 | 49c7 c130 | 0400 0075 | 0749 c7c1 | 2004 0000 | 4b8b 1408 
  0x0000026c2f39b5ac: 488d 5201 | 4b89 1408 | 0f85 0a00 | 0000 be00 | 0000 00e9 | c601 0000 | 488b 9424 | a800 0000 
  0x0000026c2f39b5cc: 8b72 4848 | 3b06 4c8b 

  0x0000026c2f39b5d4: ;   {metadata(method data for {method} {0x0000026c8658c840} 'findClass0' '(Ljava/lang/String;ZZ)Ljava/lang/Class;' in 'org/eclipse/osgi/internal/loader/BundleLoader')}
  0x0000026c2f39b5d4: c649 b9e0 | 5d7b 866c | 0200 0045 | 8b40 0849 | ba00 0000 | 436c 0200 | 004d 03c2 | 4d3b 8150 
  0x0000026c2f39b5f4: 0400 0075 | 0d49 8381 | 5804 0000 | 01e9 6000 | 0000 4d3b | 8160 0400 | 0075 0d49 | 8381 6804 
  0x0000026c2f39b614: 0000 01e9 | 4a00 0000 | 4983 b950 | 0400 0000 | 7517 4d89 | 8150 0400 | 0049 c781 | 5804 0000 
  0x0000026c2f39b634: 0100 0000 | e929 0000 | 0049 83b9 | 6004 0000 | 0075 174d | 8981 6004 | 0000 49c7 | 8168 0400 
  0x0000026c2f39b654: 0001 0000 | 00e9 0800 | 0000 4983 | 8140 0400 

  0x0000026c2f39b664: ;   {metadata(method data for {method} {0x0000026c430143f0} 'loadClass' '(Ljava/lang/String;)Ljava/lang/Class;' in 'java/lang/ClassLoader')}
  0x0000026c2f39b664: 0001 49b8 | c886 2a86 | 6c02 0000 | 458b 88cc | 0000 0041 | 83c1 0245 | 8988 cc00 | 0000 4181 
  0x0000026c2f39b684: e1fe ff1f | 0045 85c9 | 0f84 d32f | 0000 4c8b 

  0x0000026c2f39b694: ;   {metadata(method data for {method} {0x0000026c430143f0} 'loadClass' '(Ljava/lang/String;)Ljava/lang/Class;' in 'java/lang/ClassLoader')}
  0x0000026c2f39b694: c649 b9c8 | 862a 866c | 0200 0045 | 8b40 0849 | ba00 0000 | 436c 0200 | 004d 03c2 | 4d3b 8120 
  0x0000026c2f39b6b4: 0100 0075 | 0d49 8381 | 2801 0000 | 01e9 6000 | 0000 4d3b | 8130 0100 | 0075 0d49 | 8381 3801 
  0x0000026c2f39b6d4: 0000 01e9 | 4a00 0000 | 4983 b920 | 0100 0000 | 7517 4d89 | 8120 0100 | 0049 c781 | 2801 0000 
  0x0000026c2f39b6f4: 0100 0000 | e929 0000 | 0049 83b9 | 3001 0000 | 0075 174d | 8981 3001 | 0000 49c7 | 8138 0100 
  0x0000026c2f39b714: 0001 0000 | 00e9 0800 | 0000 4983 | 8110 0100 | 0001 4c8b | 8424 a000 | 0000 41b9 | 0000 0000 
  0x0000026c2f39b734: 488b d666 | 0f1f 4400 | 0048 b8ff | ffff ffff 

  0x0000026c2f39b744: ;   {virtual_call}
  0x0000026c2f39b744: ffff ffe8 

  0x0000026c2f39b748: ; ImmutableOopMap {[160]=Oop [168]=Oop [184]=Oop [208]=Oop }
                      ;*invokevirtual loadClass {reexecute=0 rethrow=0 return_oop=0}
                      ; - java.lang.ClassLoader::loadClass@3
                      ; - org.eclipse.osgi.internal.loader.BundleLoader::findClass0@124 (line 484)
  0x0000026c2f39b748: 3439 2407 

  0x0000026c2f39b74c: ;   {other}
  0x0000026c2f39b74c: 0f1f 8400 | 3c1a 000f | 4881 c470 | 0100 005d 

  0x0000026c2f39b75c: ;   {poll_return}
  0x0000026c2f39b75c: 493b a750 | 0400 000f | 871d 2f00 | 00c3 498b | 8700 0500 | 004d 33d2 | 4d89 9700 | 0500 004d 
  0x0000026c2f39b77c: 33d2 4d89 | 9708 0500 | 00be 0100 | 0000 89b4 | 24e0 0000 | 0048 8b94 | 24a8 0000 

  0x0000026c2f39b798: ;   {metadata(method data for {method} {0x0000026c8658c840} 'findClass0' '(Ljava/lang/String;ZZ)Ljava/lang/Class;' in 'org/eclipse/osgi/internal/loader/BundleLoader')}
  0x0000026c2f39b798: 0049 b8e0 | 5d7b 866c | 0200 0049 | 8380 7804 | 0000 014c | 8b84 24a0 | 0000 0041 | b901 0000 
  0x0000026c2f39b7b8: 0048 8b94 | 24a8 0000 | 0066 0f1f 

  0x0000026c2f39b7c4: ;   {optimized virtual_call}
  0x0000026c2f39b7c4: 4400 00e8 

  0x0000026c2f39b7c8: ; ImmutableOopMap {[160]=Oop [168]=Oop [184]=Oop [208]=Oop }
                      ;*invokespecial searchHooks {reexecute=0 rethrow=0 return_oop=0}
                      ; - org.eclipse.osgi.internal.loader.BundleLoader::findClass0@139 (line 492)
  0x0000026c2f39b7c8: 7838 0000 

  0x0000026c2f39b7cc: ;   {other}
  0x0000026c2f39b7cc: 0f1f 8400 | bc1a 0010 | 4885 c075 

  0x0000026c2f39b7d8: ;   {metadata(method data for {method} {0x0000026c8658c840} 'findClass0' '(Ljava/lang/String;ZZ)Ljava/lang/Class;' in 'org/eclipse/osgi/internal/loader/BundleLoader')}
  0x0000026c2f39b7d8: 1648 bae0 | 5d7b 866c | 0200 0080 | 8a81 0400 | 0001 e9cd 

  0x0000026c2f39b7ec: ;   {metadata('java/lang/Class')}
  0x0000026c2f39b7ec: 0000 0048 | be50 6b00 | 436c 0200 | 0044 8b40 | 0849 ba00 | 0000 436c | 0200 004d | 03c2 493b 
  0x0000026c2f39b80c: f00f 858d 

  0x0000026c2f39b810: ;   {metadata(method data for {method} {0x0000026c8658c840} 'findClass0' '(Ljava/lang/String;ZZ)Ljava/lang/Class;' in 'org/eclipse/osgi/internal/loader/BundleLoader')}
  0x0000026c2f39b810: 0000 0048 | bae0 5d7b | 866c 0200 | 008b 7008 | 49ba 0000 | 0043 6c02 | 0000 4903 | f248 3bb2 
  0x0000026c2f39b830: 9804 0000 | 750d 4883 | 82a0 0400 | 0001 e979 | 0000 0048 | 3bb2 a804 | 0000 750d | 4883 82b0 
  0x0000026c2f39b850: 0400 0001 | e963 0000 | 0048 83ba | 9804 0000 | 0075 1748 | 89b2 9804 | 0000 48c7 | 82a0 0400 
  0x0000026c2f39b870: 0001 0000 | 00e9 4200 | 0000 4883 | baa8 0400 | 0000 7517 | 4889 b2a8 | 0400 0048 | c782 b004 
  0x0000026c2f39b890: 0000 0100 | 0000 e921 | 0000 00e9 | 1c00 0000 

  0x0000026c2f39b8a0: ;   {metadata(method data for {method} {0x0000026c8658c840} 'findClass0' '(Ljava/lang/String;ZZ)Ljava/lang/Class;' in 'org/eclipse/osgi/internal/loader/BundleLoader')}
  0x0000026c2f39b8a0: 48ba e05d | 7b86 6c02 | 0000 4883 | aa88 0400 | 0001 e9e5 | 2d00 00e9 | 0000 0000 

  0x0000026c2f39b8bc: ;   {metadata(method data for {method} {0x0000026c8658c840} 'findClass0' '(Ljava/lang/String;ZZ)Ljava/lang/Class;' in 'org/eclipse/osgi/internal/loader/BundleLoader')}
  0x0000026c2f39b8bc: 49b8 e05d | 7b86 6c02 | 0000 41ff | 80c0 0400 | 00e9 2500 | 0000 498b | 8700 0500 | 004d 33d2 
  0x0000026c2f39b8dc: 4d89 9700 | 0500 004d | 33d2 4d89 | 9708 0500 

  0x0000026c2f39b8ec: ;   {oop(nullptr)}
  0x0000026c2f39b8ec: 0048 b800 | 0000 0000 | 0000 0048 

  0x0000026c2f39b8f8: ;   {metadata(method data for {method} {0x0000026c8658c840} 'findClass0' '(Ljava/lang/String;ZZ)Ljava/lang/Class;' in 'org/eclipse/osgi/internal/loader/BundleLoader')}
  0x0000026c2f39b8f8: 85c0 49b8 | e05d 7b86 | 6c02 0000 | 48c7 c2e8 | 0400 0075 | 0748 c7c2 | d804 0000 | 498b 3410 
  0x0000026c2f39b918: 488d 7601 | 4989 3410 | 0f85 6c27 | 0000 4889 | 8424 e800 | 0000 488b | 9424 a800 

  0x0000026c2f39b934: ;   {metadata(method data for {method} {0x0000026c8658c840} 'findClass0' '(Ljava/lang/String;ZZ)Ljava/lang/Class;' in 'org/eclipse/osgi/internal/loader/BundleLoader')}
  0x0000026c2f39b934: 0000 49b8 | e05d 7b86 | 6c02 0000 | 4983 80f8 | 0400 0001 

  0x0000026c2f39b948: ;   {metadata(method data for {method} {0x0000026c8658f5e0} 'findImportedSource' '(Ljava/lang/String;Ljava/util/Collection;)Lorg/eclipse/osgi/internal/loader/sources/PackageSource;' in 'org/eclipse/osgi/internal/loader/BundleLoader')}
  0x0000026c2f39b948: 49b8 d877 | 7b86 6c02 | 0000 418b | 90cc 0000 | 0083 c202 | 4189 90cc | 0000 0081 | e2fe ff1f 
  0x0000026c2f39b968: 0085 d20f | 8434 2d00 | 0048 8b94 | 24a8 0000 

  0x0000026c2f39b978: ;   {metadata(method data for {method} {0x0000026c8658f5e0} 'findImportedSource' '(Ljava/lang/String;Ljava/util/Collection;)Lorg/eclipse/osgi/internal/loader/sources/PackageSource;' in 'org/eclipse/osgi/internal/loader/BundleLoader')}
  0x0000026c2f39b978: 0049 b8d8 | 777b 866c | 0200 0049 | 8380 1001 

  0x0000026c2f39b988: ;   {oop(nullptr)}
  0x0000026c2f39b988: 0000 0149 | b800 0000 | 0000 0000 | 0048 8b94 | 24a8 0000 

  0x0000026c2f39b99c: ;   {optimized virtual_call}
  0x0000026c2f39b99c: 0066 90e8 

  0x0000026c2f39b9a0: ; ImmutableOopMap {[160]=Oop [168]=Oop [184]=Oop [208]=Oop [232]=Oop }
                      ;*invokespecial getImportedSources {reexecute=0 rethrow=0 return_oop=0}
                      ; - org.eclipse.osgi.internal.loader.BundleLoader::findImportedSource@2 (line 1251)
                      ; - org.eclipse.osgi.internal.loader.BundleLoader::findClass0@164 (line 499)
  0x0000026c2f39b9a0: af36 0000 

  0x0000026c2f39b9a4: ;   {other}
  0x0000026c2f39b9a4: 0f1f 8400 | 941c 0011 | 4c8d 8424 | 5001 0000 | 488b f049 | 8970 0848 | 8b06 4883 | c801 4989 
  0x0000026c2f39b9c4: 00f0 4c0f | b106 0f84 | 1200 0000 | 482b c448 | 2507 f0ff | ff49 8900 | 0f85 e92c | 0000 49ff 
  0x0000026c2f39b9e4: 8750 0500 | 0048 8bc6 

  0x0000026c2f39b9ec: ;   {metadata(method data for {method} {0x0000026c8658f5e0} 'findImportedSource' '(Ljava/lang/String;Ljava/util/Collection;)Lorg/eclipse/osgi/internal/loader/sources/PackageSource;' in 'org/eclipse/osgi/internal/loader/BundleLoader')}
  0x0000026c2f39b9ec: 49b8 d877 | 7b86 6c02 | 0000 8b40 | 0849 ba00 | 0000 436c | 0200 0049 | 03c2 493b | 8030 0100 
  0x0000026c2f39ba0c: 0075 0d49 | 8380 3801 | 0000 01e9 | 6000 0000 | 493b 8040 | 0100 0075 | 0d49 8380 | 4801 0000 
  0x0000026c2f39ba2c: 01e9 4a00 | 0000 4983 | b830 0100 | 0000 7517 | 4989 8030 | 0100 0049 | c780 3801 | 0000 0100 
  0x0000026c2f39ba4c: 0000 e929 | 0000 0049 | 83b8 4001 | 0000 0075 | 1749 8980 | 4001 0000 | 49c7 8048 | 0100 0001 
  0x0000026c2f39ba6c: 0000 00e9 | 0800 0000 | 4983 8020 | 0100 0001 | 4c8b 8424 | b800 0000 | 488b d648 | 89b4 24f0 
  0x0000026c2f39ba8c: 0000 0066 | 0f1f 4400 | 0048 b868 | a908 436c 

  0x0000026c2f39ba9c: ;   {virtual_call}
  0x0000026c2f39ba9c: 0200 00e8 

  0x0000026c2f39baa0: ; ImmutableOopMap {[160]=Oop [168]=Oop [184]=Oop [208]=Oop [232]=Oop [240]=Oop [344]=Oop }
                      ;*invokeinterface get {reexecute=0 rethrow=0 return_oop=0}
                      ; - org.eclipse.osgi.internal.loader.BundleLoader::findImportedSource@13 (line 1253)
                      ; - org.eclipse.osgi.internal.loader.BundleLoader::findClass0@164 (line 499)
  0x0000026c2f39baa0: bc29 8307 

  0x0000026c2f39baa4: ;   {other}
  0x0000026c2f39baa4: 0f1f 8400 | 941d 0012 | 4885 c075 

  0x0000026c2f39bab0: ;   {metadata(method data for {method} {0x0000026c8658f5e0} 'findImportedSource' '(Ljava/lang/String;Ljava/util/Collection;)Lorg/eclipse/osgi/internal/loader/sources/PackageSource;' in 'org/eclipse/osgi/internal/loader/BundleLoader')}
  0x0000026c2f39bab0: 1648 bad8 | 777b 866c | 0200 0080 | 8a51 0100 | 0001 e9cd 

  0x0000026c2f39bac4: ;   {metadata('org/eclipse/osgi/internal/loader/sources/PackageSource')}
  0x0000026c2f39bac4: 0000 0048 | be98 930b | 446c 0200 | 008b 5008 | 49ba 0000 | 0043 6c02 | 0000 4903 | d248 3b72 
  0x0000026c2f39bae4: 380f 858d 

  0x0000026c2f39bae8: ;   {metadata(method data for {method} {0x0000026c8658f5e0} 'findImportedSource' '(Ljava/lang/String;Ljava/util/Collection;)Lorg/eclipse/osgi/internal/loader/sources/PackageSource;' in 'org/eclipse/osgi/internal/loader/BundleLoader')}
  0x0000026c2f39bae8: 0000 0048 | bad8 777b | 866c 0200 | 008b 7008 | 49ba 0000 | 0043 6c02 | 0000 4903 | f248 3bb2 
  0x0000026c2f39bb08: 6801 0000 | 750d 4883 | 8270 0100 | 0001 e979 | 0000 0048 | 3bb2 7801 | 0000 750d | 4883 8280 
  0x0000026c2f39bb28: 0100 0001 | e963 0000 | 0048 83ba | 6801 0000 | 0075 1748 | 89b2 6801 | 0000 48c7 | 8270 0100 
  0x0000026c2f39bb48: 0001 0000 | 00e9 4200 | 0000 4883 | ba78 0100 | 0000 7517 | 4889 b278 | 0100 0048 | c782 8001 
  0x0000026c2f39bb68: 0000 0100 | 0000 e921 | 0000 00e9 | 1c00 0000 

  0x0000026c2f39bb78: ;   {metadata(method data for {method} {0x0000026c8658f5e0} 'findImportedSource' '(Ljava/lang/String;Ljava/util/Collection;)Lorg/eclipse/osgi/internal/loader/sources/PackageSource;' in 'org/eclipse/osgi/internal/loader/BundleLoader')}
  0x0000026c2f39bb78: 48ba d877 | 7b86 6c02 | 0000 4883 | aa58 0100 | 0001 e94f | 2b00 00e9 | 0000 0000 | 488b d848 
  0x0000026c2f39bb98: 899c 2400 | 0100 0048 | 8d84 2450 | 0100 0048 | 8b10 4885 | d20f 840f | 0000 0048 | 8b70 08f0 
  0x0000026c2f39bbb8: 480f b116 | 0f85 252b | 0000 49ff | 8f50 0500 | 0048 85db 

  0x0000026c2f39bbcc: ;   {metadata(method data for {method} {0x0000026c8658c840} 'findClass0' '(Ljava/lang/String;ZZ)Ljava/lang/Class;' in 'org/eclipse/osgi/internal/loader/BundleLoader')}
  0x0000026c2f39bbcc: 48ba e05d | 7b86 6c02 | 0000 48c7 | c608 0500 | 0074 0748 | c7c6 1805 | 0000 488b | 3c32 488d 
  0x0000026c2f39bbec: 7f01 4889 | 3c32 0f84 | 390f 0000 | 4c8b 8c24 | d000 0000 

  0x0000026c2f39bc00: ;   {metadata(method data for {method} {0x0000026c8658c840} 'findClass0' '(Ljava/lang/String;ZZ)Ljava/lang/Class;' in 'org/eclipse/osgi/internal/loader/BundleLoader')}
  0x0000026c2f39bc00: 4d85 c948 | bae0 5d7b | 866c 0200 | 0048 c7c6 | 2805 0000 | 7407 48c7 | c638 0500 | 0048 8b3c 
  0x0000026c2f39bc20: 3248 8d7f | 0148 893c | 324c 898c | 24d0 0000 | 000f 84fd | 0900 0048 | 8b94 24a8 | 0000 0044 
  0x0000026c2f39bc40: 8b5a 184c | 899c 2408 | 0100 000f | 1f44 0000 

  0x0000026c2f39bc50: ;   {no_reloc}
  0x0000026c2f39bc50: e9b7 2a00 | 0000 0000 | 0000 498b | 87b8 0100 | 0048 8d78 | 1849 3bbf | c801 0000 | 0f87 a42a 
  0x0000026c2f39bc70: 0000 4989 | bfb8 0100 | 0048 c700 | 0100 0000 | 488b ca49 | ba00 0000 | 436c 0200 | 0049 2bca 
  0x0000026c2f39bc90: 8948 0848 | 33c9 8948 | 0c48 33c9 | 4889 4810 

  0x0000026c2f39bca0: ;   {metadata(method data for {method} {0x0000026c8658c840} 'findClass0' '(Ljava/lang/String;ZZ)Ljava/lang/Class;' in 'org/eclipse/osgi/internal/loader/BundleLoader')}
  0x0000026c2f39bca0: 4c8b c048 | bae0 5d7b | 866c 0200 | 0048 8382 | 4805 0000 

  0x0000026c2f39bcb4: ;   {metadata(method data for {method} {0x0000026c43461da8} '<init>' '(Ljava/lang/String;)V' in 'java/lang/StringBuilder')}
  0x0000026c2f39bcb4: 0149 b870 | 5130 866c | 0200 0041 | 8b90 cc00 | 0000 83c2 | 0241 8990 | cc00 0000 | 81e2 feff 
  0x0000026c2f39bcd4: 1f00 85d2 | 0f84 452a | 0000 4c8b 

  0x0000026c2f39bce0: ;   {metadata(method data for {method} {0x0000026c43461da8} '<init>' '(Ljava/lang/String;)V' in 'java/lang/StringBuilder')}
  0x0000026c2f39bce0: c048 ba70 | 5130 866c | 0200 0048 | 8382 1001 

  0x0000026c2f39bcf0: ;   {oop("BundleLoader["{0x00000000d57764f8})}
  0x0000026c2f39bcf0: 0000 0149 | b8f8 6477 | d500 0000 | 0048 8bd0 | 4889 8424 | f800 0000 | 0f1f 8000 

  0x0000026c2f39bd0c: ;   {optimized virtual_call}
  0x0000026c2f39bd0c: 0000 00e8 

  0x0000026c2f39bd10: ; ImmutableOopMap {[160]=Oop [168]=Oop [208]=Oop [248]=Oop [256]=Oop [264]=Oop }
                      ;*invokespecial <init> {reexecute=0 rethrow=0 return_oop=0}
                      ; - java.lang.StringBuilder::<init>@2
                      ; - org.eclipse.osgi.internal.loader.BundleLoader::findClass0@192 (line 502)
  0x0000026c2f39bd10: 6c2e 2407 

  0x0000026c2f39bd14: ;   {other}
  0x0000026c2f39bd14: 0f1f 8400 | 0420 0013 | 488b 8424 | f800 0000 

  0x0000026c2f39bd24: ;   {metadata(method data for {method} {0x0000026c8658c840} 'findClass0' '(Ljava/lang/String;ZZ)Ljava/lang/Class;' in 'org/eclipse/osgi/internal/loader/BundleLoader')}
  0x0000026c2f39bd24: 48ba e05d | 7b86 6c02 | 0000 4883 | 8258 0500 

  0x0000026c2f39bd34: ;   {metadata(method data for {method} {0x0000026c43461b40} 'append' '(Ljava/lang/Object;)Ljava/lang/StringBuilder;' in 'java/lang/StringBuilder')}
  0x0000026c2f39bd34: 0001 48ba | 80f7 0986 | 6c02 0000 | 8bb2 cc00 | 0000 83c6 | 0289 b2cc | 0000 0081 | e6fe ff1f 
  0x0000026c2f39bd54: 0085 f60f | 84e7 2900 

  0x0000026c2f39bd5c: ;   {metadata(method data for {method} {0x0000026c43461b40} 'append' '(Ljava/lang/Object;)Ljava/lang/StringBuilder;' in 'java/lang/StringBuilder')}
  0x0000026c2f39bd5c: 0048 ba80 | f709 866c | 0200 0048 | 8382 1001 

  0x0000026c2f39bd6c: ;   {metadata(method data for {method} {0x0000026c43455280} 'valueOf' '(Ljava/lang/Object;)Ljava/lang/String;' in 'java/lang/String')}
  0x0000026c2f39bd6c: 0000 0148 | ba20 f909 | 866c 0200 | 008b b2cc | 0000 0083 | c602 89b2 | cc00 0000 | 81e6 feff 
  0x0000026c2f39bd8c: 1f00 85f6 | 0f84 cf29 

  0x0000026c2f39bd94: ;   {metadata(method data for {method} {0x0000026c43455280} 'valueOf' '(Ljava/lang/Object;)Ljava/lang/String;' in 'java/lang/String')}
  0x0000026c2f39bd94: 0000 48ba | 20f9 0986 | 6c02 0000 | ff82 1001 | 0000 488b | 9424 a800 

  0x0000026c2f39bdac: ;   {metadata(method data for {method} {0x0000026c43455280} 'valueOf' '(Ljava/lang/Object;)Ljava/lang/String;' in 'java/lang/String')}
  0x0000026c2f39bdac: 0000 48be | 20f9 0986 | 6c02 0000 | 8b52 0849 | ba00 0000 | 436c 0200 | 0049 03d2 | 483b 9658 
  0x0000026c2f39bdcc: 0100 0075 | 0d48 8386 | 6001 0000 | 01e9 6000 | 0000 483b | 9668 0100 | 0075 0d48 | 8386 7001 
  0x0000026c2f39bdec: 0000 01e9 | 4a00 0000 | 4883 be58 | 0100 0000 | 7517 4889 | 9658 0100 | 0048 c786 | 6001 0000 
  0x0000026c2f39be0c: 0100 0000 | e929 0000 | 0048 83be | 6801 0000 | 0075 1748 | 8996 6801 | 0000 48c7 | 8670 0100 
  0x0000026c2f39be2c: 0001 0000 | 00e9 0800 | 0000 4883 | 8648 0100 | 0001 488b | 9424 a800 

  0x0000026c2f39be44: ;   {optimized virtual_call}
  0x0000026c2f39be44: 0000 90e8 

  0x0000026c2f39be48: ; ImmutableOopMap {[160]=Oop [168]=Oop [208]=Oop [248]=Oop [256]=Oop [264]=Oop }
                      ;*invokevirtual toString {reexecute=0 rethrow=0 return_oop=0}
                      ; - java.lang.String::valueOf@11
                      ; - java.lang.StringBuilder::append@2
                      ; - org.eclipse.osgi.internal.loader.BundleLoader::findClass0@196 (line 502)
  0x0000026c2f39be48: 342d 2407 

  0x0000026c2f39be4c: ;   {other}
  0x0000026c2f39be4c: 0f1f 8400 | 3c21 0014 | 4c8b 8424 | f800 0000 

  0x0000026c2f39be5c: ;   {metadata(method data for {method} {0x0000026c43461b40} 'append' '(Ljava/lang/Object;)Ljava/lang/StringBuilder;' in 'java/lang/StringBuilder')}
  0x0000026c2f39be5c: 48ba 80f7 | 0986 6c02 | 0000 4883 | 8220 0100 

  0x0000026c2f39be6c: ;   {metadata(method data for {method} {0x0000026c43461ae8} 'append' '(Ljava/lang/String;)Ljava/lang/StringBuilder;' in 'java/lang/StringBuilder')}
  0x0000026c2f39be6c: 0001 49b8 | 20c3 0086 | 6c02 0000 | 418b 90cc | 0000 0083 | c202 4189 | 90cc 0000 | 0081 e2fe 
  0x0000026c2f39be8c: ff1f 0085 | d20f 84ef | 2800 004c | 8b84 24f8 

  0x0000026c2f39be9c: ;   {metadata(method data for {method} {0x0000026c43461ae8} 'append' '(Ljava/lang/String;)Ljava/lang/StringBuilder;' in 'java/lang/StringBuilder')}
  0x0000026c2f39be9c: 0000 0048 | ba20 c300 | 866c 0200 | 0048 8382 | 1001 0000 | 014c 8bc0 | 488b 9424 | f800 0000 
  0x0000026c2f39bebc: ;   {optimized virtual_call}
  0x0000026c2f39bebc: 6666 90e8 

  0x0000026c2f39bec0: ; ImmutableOopMap {[160]=Oop [168]=Oop [208]=Oop [248]=Oop [256]=Oop [264]=Oop }
                      ;*invokespecial append {reexecute=0 rethrow=0 return_oop=0}
                      ; - java.lang.StringBuilder::append@2
                      ; - java.lang.StringBuilder::append@5
                      ; - org.eclipse.osgi.internal.loader.BundleLoader::findClass0@196 (line 502)
  0x0000026c2f39bec0: bc2c 2407 

  0x0000026c2f39bec4: ;   {other}
  0x0000026c2f39bec4: 0f1f 8400 | b421 0015 | 488b 8424 | f800 0000 

  0x0000026c2f39bed4: ;   {metadata(method data for {method} {0x0000026c8658c840} 'findClass0' '(Ljava/lang/String;ZZ)Ljava/lang/Class;' in 'org/eclipse/osgi/internal/loader/BundleLoader')}
  0x0000026c2f39bed4: 49b8 e05d | 7b86 6c02 | 0000 4983 | 8090 0500 

  0x0000026c2f39bee4: ;   {metadata(method data for {method} {0x0000026c43461ae8} 'append' '(Ljava/lang/String;)Ljava/lang/StringBuilder;' in 'java/lang/StringBuilder')}
  0x0000026c2f39bee4: 0001 49b8 | 20c3 0086 | 6c02 0000 | 418b 90cc | 0000 0083 | c202 4189 | 90cc 0000 | 0081 e2fe 
  0x0000026c2f39bf04: ff1f 0085 | d20f 8498 | 2800 0048 | 8b84 24f8 

  0x0000026c2f39bf14: ;   {metadata(method data for {method} {0x0000026c43461ae8} 'append' '(Ljava/lang/String;)Ljava/lang/StringBuilder;' in 'java/lang/StringBuilder')}
  0x0000026c2f39bf14: 0000 0049 | b820 c300 | 866c 0200 | 0049 8380 | 1001 0000 

  0x0000026c2f39bf28: ;   {oop("] loading from import package: "{0x00000000d57766b0})}
  0x0000026c2f39bf28: 0149 b8b0 | 6677 d500 | 0000 0048 | 8b94 24f8 | 0000 000f 

  0x0000026c2f39bf3c: ;   {optimized virtual_call}
  0x0000026c2f39bf3c: 1f40 00e8 

  0x0000026c2f39bf40: ; ImmutableOopMap {[160]=Oop [168]=Oop [208]=Oop [248]=Oop [256]=Oop [264]=Oop }
                      ;*invokespecial append {reexecute=0 rethrow=0 return_oop=0}
                      ; - java.lang.StringBuilder::append@2
                      ; - org.eclipse.osgi.internal.loader.BundleLoader::findClass0@202 (line 502)
  0x0000026c2f39bf40: 3c2c 2407 

  0x0000026c2f39bf44: ;   {other}
  0x0000026c2f39bf44: 0f1f 8400 | 3422 0016 | 488b 8424 | f800 0000 

  0x0000026c2f39bf54: ;   {metadata(method data for {method} {0x0000026c8658c840} 'findClass0' '(Ljava/lang/String;ZZ)Ljava/lang/Class;' in 'org/eclipse/osgi/internal/loader/BundleLoader')}
  0x0000026c2f39bf54: 48ba e05d | 7b86 6c02 | 0000 4883 | 82c8 0500 

  0x0000026c2f39bf64: ;   {metadata(method data for {method} {0x0000026c43461b40} 'append' '(Ljava/lang/Object;)Ljava/lang/StringBuilder;' in 'java/lang/StringBuilder')}
  0x0000026c2f39bf64: 0001 48ba | 80f7 0986 | 6c02 0000 | 8bb2 cc00 | 0000 83c6 | 0289 b2cc | 0000 0081 | e6fe ff1f 
  0x0000026c2f39bf84: 0085 f60f | 843b 2800 

  0x0000026c2f39bf8c: ;   {metadata(method data for {method} {0x0000026c43461b40} 'append' '(Ljava/lang/Object;)Ljava/lang/StringBuilder;' in 'java/lang/StringBuilder')}
  0x0000026c2f39bf8c: 0048 ba80 | f709 866c | 0200 0048 | 8382 1001 

  0x0000026c2f39bf9c: ;   {metadata(method data for {method} {0x0000026c43455280} 'valueOf' '(Ljava/lang/Object;)Ljava/lang/String;' in 'java/lang/String')}
  0x0000026c2f39bf9c: 0000 0148 | ba20 f909 | 866c 0200 | 008b b2cc | 0000 0083 | c602 89b2 | cc00 0000 | 81e6 feff 
  0x0000026c2f39bfbc: 1f00 85f6 | 0f84 2328 | 0000 488b | 9c24 0001 | 0000 4885 

  0x0000026c2f39bfd0: ;   {metadata(method data for {method} {0x0000026c43455280} 'valueOf' '(Ljava/lang/Object;)Ljava/lang/String;' in 'java/lang/String')}
  0x0000026c2f39bfd0: db48 ba20 | f909 866c | 0200 0048 | c7c6 1001 | 0000 7507 | 48c7 c620 | 0100 0048 | 8b3c 3248 
  0x0000026c2f39bff0: 8d7f 0148 | 893c 320f | 851f 0000 

  0x0000026c2f39bffc: ;   {metadata(method data for {method} {0x0000026c43455280} 'valueOf' '(Ljava/lang/Object;)Ljava/lang/String;' in 'java/lang/String')}
  0x0000026c2f39bffc: 0048 ba20 | f909 866c | 0200 00ff | 8230 0100 

  0x0000026c2f39c00c: ;   {oop("null"{0x0000000080000870})}
  0x0000026c2f39c00c: 0048 be70 | 0800 8000 | 0000 00e9 | ab00 0000 

  0x0000026c2f39c01c: ; implicit exception: dispatches to 0x0000026c2f39e80a
  0x0000026c2f39c01c: 483b 0348 

  0x0000026c2f39c020: ;   {metadata(method data for {method} {0x0000026c43455280} 'valueOf' '(Ljava/lang/Object;)Ljava/lang/String;' in 'java/lang/String')}
  0x0000026c2f39c020: 8bd3 48be | 20f9 0986 | 6c02 0000 | 8b52 0849 | ba00 0000 | 436c 0200 | 0049 03d2 | 483b 9658 
  0x0000026c2f39c040: 0100 0075 | 0d48 8386 | 6001 0000 | 01e9 6000 | 0000 483b | 9668 0100 | 0075 0d48 | 8386 7001 
  0x0000026c2f39c060: 0000 01e9 | 4a00 0000 | 4883 be58 | 0100 0000 | 7517 4889 | 9658 0100 | 0048 c786 | 6001 0000 
  0x0000026c2f39c080: 0100 0000 | e929 0000 | 0048 83be | 6801 0000 | 0075 1748 | 8996 6801 | 0000 48c7 | 8670 0100 
  0x0000026c2f39c0a0: 0001 0000 | 00e9 0800 | 0000 4883 | 8648 0100 | 0001 488b 

  0x0000026c2f39c0b4: ;   {optimized virtual_call}
  0x0000026c2f39c0b4: d366 90e8 

  0x0000026c2f39c0b8: ; ImmutableOopMap {[160]=Oop [168]=Oop [208]=Oop [248]=Oop [256]=Oop [264]=Oop }
                      ;*invokevirtual toString {reexecute=0 rethrow=0 return_oop=0}
                      ; - java.lang.String::valueOf@11
                      ; - java.lang.StringBuilder::append@2
                      ; - org.eclipse.osgi.internal.loader.BundleLoader::findClass0@207 (line 502)
  0x0000026c2f39c0b8: c42a 2407 

  0x0000026c2f39c0bc: ;   {other}
  0x0000026c2f39c0bc: 0f1f 8400 | ac23 0017 | 488b f048 | 8b84 24f8 

  0x0000026c2f39c0cc: ;   {metadata(method data for {method} {0x0000026c43461b40} 'append' '(Ljava/lang/Object;)Ljava/lang/StringBuilder;' in 'java/lang/StringBuilder')}
  0x0000026c2f39c0cc: 0000 0049 | b880 f709 | 866c 0200 | 0049 8380 | 2001 0000 

  0x0000026c2f39c0e0: ;   {metadata(method data for {method} {0x0000026c43461ae8} 'append' '(Ljava/lang/String;)Ljava/lang/StringBuilder;' in 'java/lang/StringBuilder')}
  0x0000026c2f39c0e0: 0149 b820 | c300 866c | 0200 0041 | 8b90 cc00 | 0000 83c2 | 0241 8990 | cc00 0000 | 81e2 feff 
  0x0000026c2f39c100: 1f00 85d2 | 0f84 0527 | 0000 488b | 8424 f800 

  0x0000026c2f39c110: ;   {metadata(method data for {method} {0x0000026c43461ae8} 'append' '(Ljava/lang/String;)Ljava/lang/StringBuilder;' in 'java/lang/StringBuilder')}
  0x0000026c2f39c110: 0000 49b8 | 20c3 0086 | 6c02 0000 | 4983 8010 | 0100 0001 | 4c8b c648 | 8b94 24f8 

  0x0000026c2f39c12c: ;   {optimized virtual_call}
  0x0000026c2f39c12c: 0000 00e8 

  0x0000026c2f39c130: ; ImmutableOopMap {[160]=Oop [168]=Oop [208]=Oop [248]=Oop [256]=Oop [264]=Oop }
                      ;*invokespecial append {reexecute=0 rethrow=0 return_oop=0}
                      ; - java.lang.StringBuilder::append@2
                      ; - java.lang.StringBuilder::append@5
                      ; - org.eclipse.osgi.internal.loader.BundleLoader::findClass0@207 (line 502)
  0x0000026c2f39c130: 4c2a 2407 

  0x0000026c2f39c134: ;   {other}
  0x0000026c2f39c134: 0f1f 8400 | 2424 0018 | 4c8b 8424 | f800 0000 

  0x0000026c2f39c144: ;   {metadata(method data for {method} {0x0000026c8658c840} 'findClass0' '(Ljava/lang/String;ZZ)Ljava/lang/Class;' in 'org/eclipse/osgi/internal/loader/BundleLoader')}
  0x0000026c2f39c144: 498b c048 | bae0 5d7b | 866c 0200 | 0048 8382 | 0006 0000 

  0x0000026c2f39c158: ;   {metadata(method data for {method} {0x0000026c43008958} 'toString' '()Ljava/lang/String;' in 'java/lang/StringBuilder')}
  0x0000026c2f39c158: 0148 ba48 | ca00 866c | 0200 008b | b2cc 0000 | 0083 c602 | 89b2 cc00 | 0000 81e6 | feff 1f00 
  0x0000026c2f39c178: 85f6 0f84 | b026 0000 

  0x0000026c2f39c180: ;   {metadata('java/lang/String')}
  0x0000026c2f39c180: 48ba 78e8 | 0043 6c02 | 0000 498b | 87b8 0100 | 0048 8d78 | 1849 3bbf | c801 0000 | 0f87 af26 
  0x0000026c2f39c1a0: 0000 4989 | bfb8 0100 | 0048 c700 | 0100 0000 | 488b ca49 | ba00 0000 | 436c 0200 | 0049 2bca 
  0x0000026c2f39c1c0: 8948 0848 | 33c9 8948 | 0c48 33c9 | 4889 4810 

  0x0000026c2f39c1d0: ;   {metadata(method data for {method} {0x0000026c43008958} 'toString' '()Ljava/lang/String;' in 'java/lang/StringBuilder')}
  0x0000026c2f39c1d0: 4c8b c848 | ba48 ca00 | 866c 0200 | 0048 8382 | 1001 0000 

  0x0000026c2f39c1e4: ;   {metadata(method data for {method} {0x0000026c43455dd8} '<init>' '(Ljava/lang/StringBuilder;)V' in 'java/lang/String')}
  0x0000026c2f39c1e4: 0149 b990 | cb00 866c | 0200 0041 | 8b91 cc00 | 0000 83c2 | 0241 8991 | cc00 0000 | 81e2 feff 
  0x0000026c2f39c204: 1f00 85d2 | 0f84 5026 | 0000 4c8b 

  0x0000026c2f39c210: ;   {metadata(method data for {method} {0x0000026c43455dd8} '<init>' '(Ljava/lang/StringBuilder;)V' in 'java/lang/String')}
  0x0000026c2f39c210: c848 ba90 | cb00 866c | 0200 0048 | 8382 1001 

  0x0000026c2f39c220: ;   {oop(nullptr)}
  0x0000026c2f39c220: 0000 0149 | b900 0000 | 0000 0000 | 0048 8bd0 | 4889 8424 | 1001 0000 | 0f1f 8000 

  0x0000026c2f39c23c: ;   {optimized virtual_call}
  0x0000026c2f39c23c: 0000 00e8 

  0x0000026c2f39c240: ; ImmutableOopMap {[160]=Oop [168]=Oop [208]=Oop [256]=Oop [264]=Oop [272]=Oop }
                      ;*invokespecial <init> {reexecute=0 rethrow=0 return_oop=0}
                      ; - java.lang.String::<init>@3
                      ; - java.lang.StringBuilder::toString@5
                      ; - org.eclipse.osgi.internal.loader.BundleLoader::findClass0@210 (line 502)
  0x0000026c2f39c240: 3c29 2407 

  0x0000026c2f39c244: ;   {other}
  0x0000026c2f39c244: 0f1f 8400 | 3425 0019 | 4c8b 9c24 | 0801 0000 

  0x0000026c2f39c254: ; implicit exception: dispatches to 0x0000026c2f39e87f
  0x0000026c2f39c254: 493b 034d 

  0x0000026c2f39c258: ;   {metadata(method data for {method} {0x0000026c8658c840} 'findClass0' '(Ljava/lang/String;ZZ)Ljava/lang/Class;' in 'org/eclipse/osgi/internal/loader/BundleLoader')}
  0x0000026c2f39c258: 8bc3 49b9 | e05d 7b86 | 6c02 0000 

  0x0000026c2f39c264: ;   {metadata('org/eclipse/osgi/internal/debug/Debug')}
  0x0000026c2f39c264: 49ba 8009 | 0944 6c02 | 0000 4d89 | 9148 0600 | 0049 8381 | 5006 0000 

  0x0000026c2f39c27c: ;   {metadata(method data for {method} {0x0000026c864e5400} 'trace' '(Ljava/lang/String;Ljava/lang/String;)V' in 'org/eclipse/osgi/internal/debug/Debug')}
  0x0000026c2f39c27c: 0149 b880 | 327a 866c | 0200 0045 | 8b88 cc00 | 0000 4183 | c102 4589 | 88cc 0000 | 0041 81e1 
  0x0000026c2f39c29c: feff 1f00 | 4585 c90f | 84db 2500 | 0041 8b53 | 2448 85d2 

  0x0000026c2f39c2b0: ;   {metadata(method data for {method} {0x0000026c864e5400} 'trace' '(Ljava/lang/String;Ljava/lang/String;)V' in 'org/eclipse/osgi/internal/debug/Debug')}
  0x0000026c2f39c2b0: 49b8 8032 | 7a86 6c02 | 0000 49c7 | c110 0100 | 0074 0749 | c7c1 2001 | 0000 4b8b | 3408 488d 
  0x0000026c2f39c2d0: 7601 4b89 | 3408 0f84 | fe02 0000 | 4885 d20f | 8429 0000 

  0x0000026c2f39c2e4: ;   {metadata('org/eclipse/osgi/internal/log/ExtendedLogServiceImpl')}
  0x0000026c2f39c2e4: 0048 bf40 | 5609 446c | 0200 008b | 7208 49ba | 0000 0043 | 6c02 0000 | 4903 f248 | 3b7e 380f 
  0x0000026c2f39c304: 859c 2500 | 00e9 0000 | 0000 4c8b | c248 3b02 

  0x0000026c2f39c314: ;   {metadata(method data for {method} {0x0000026c864e5400} 'trace' '(Ljava/lang/String;Ljava/lang/String;)V' in 'org/eclipse/osgi/internal/debug/Debug')}
  0x0000026c2f39c314: 4c8b c249 | b980 327a | 866c 0200 

  0x0000026c2f39c320: ;   {metadata('org/eclipse/osgi/internal/log/ExtendedLogServiceImpl')}
  0x0000026c2f39c320: 0049 ba40 | 5609 446c | 0200 004d | 8991 4001 | 0000 4983 | 8148 0100 

  0x0000026c2f39c338: ;   {metadata(method data for {method} {0x0000026c8650ca90} 'getLogger' '(Ljava/lang/String;)Lorg/osgi/service/log/Logger;' in 'org/eclipse/osgi/internal/log/ExtendedLogServiceImpl')}
  0x0000026c2f39c338: 0001 49b8 | c034 7a86 | 6c02 0000 | 458b 88cc | 0000 0041 | 83c1 0245 | 8988 cc00 | 0000 4181 
  0x0000026c2f39c358: e1fe ff1f | 0045 85c9 | 0f84 4925 | 0000 4c8b 

  0x0000026c2f39c368: ;   {metadata(method data for {method} {0x0000026c8650ca90} 'getLogger' '(Ljava/lang/String;)Lorg/osgi/service/log/Logger;' in 'org/eclipse/osgi/internal/log/ExtendedLogServiceImpl')}
  0x0000026c2f39c368: c249 b9c0 | 347a 866c 

  0x0000026c2f39c370: ;   {metadata('org/eclipse/osgi/internal/log/ExtendedLogServiceImpl')}
  0x0000026c2f39c370: 0200 0049 | ba40 5609 | 446c 0200 | 004d 8991 | 2001 0000 | 4983 8128 | 0100 0001 

  0x0000026c2f39c38c: ;   {metadata(method data for {method} {0x0000026c8650a318} 'getLogger' '(Ljava/lang/String;)Lorg/eclipse/equinox/log/Logger;' in 'org/eclipse/osgi/internal/log/ExtendedLogServiceImpl')}
  0x0000026c2f39c38c: 49b8 5036 | 7a86 6c02 | 0000 458b | 88cc 0000 | 0041 83c1 | 0245 8988 | cc00 0000 | 4181 e1fe 
  0x0000026c2f39c3ac: ff1f 0045 | 85c9 0f84 | 1825 0000 

  0x0000026c2f39c3b8: ;   {metadata(method data for {method} {0x0000026c8650a318} 'getLogger' '(Ljava/lang/String;)Lorg/eclipse/equinox/log/Logger;' in 'org/eclipse/osgi/internal/log/ExtendedLogServiceImpl')}
  0x0000026c2f39c3b8: 4c8b c249 | b950 367a | 866c 0200 

  0x0000026c2f39c3c4: ;   {metadata('org/eclipse/osgi/internal/log/ExtendedLogServiceImpl')}
  0x0000026c2f39c3c4: 0049 ba40 | 5609 446c | 0200 004d | 8991 2001 | 0000 4983 | 8128 0100 | 0001 4c8b | 8424 d000 
  0x0000026c2f39c3e4: ;   {oop(a 'java/lang/Class'{0x00000000d72b0698} = 'org/osgi/service/log/Logger')}
  0x0000026c2f39c3e4: 0000 49b9 | 9806 2bd7 | 0000 0000 | 0f1f 8000 

  0x0000026c2f39c3f4: ;   {optimized virtual_call}
  0x0000026c2f39c3f4: 0000 00e8 

  0x0000026c2f39c3f8: ; ImmutableOopMap {[160]=Oop [168]=Oop [208]=Oop [256]=Oop [272]=Oop }
                      ;*invokevirtual getLogger {reexecute=0 rethrow=0 return_oop=0}
                      ; - org.eclipse.osgi.internal.log.ExtendedLogServiceImpl::getLogger@4 (line 73)
                      ; - org.eclipse.osgi.internal.log.ExtendedLogServiceImpl::getLogger@2 (line 1)
                      ; - org.eclipse.osgi.internal.debug.Debug::trace@11 (line 265)
                      ; - org.eclipse.osgi.internal.loader.BundleLoader::findClass0@213 (line 502)
  0x0000026c2f39c3f8: 8427 2407 

  0x0000026c2f39c3fc: ;   {other}
  0x0000026c2f39c3fc: 0f1f 8400 | ec26 001a | 4885 c075 

  0x0000026c2f39c408: ;   {metadata(method data for {method} {0x0000026c8650a318} 'getLogger' '(Ljava/lang/String;)Lorg/eclipse/equinox/log/Logger;' in 'org/eclipse/osgi/internal/log/ExtendedLogServiceImpl')}
  0x0000026c2f39c408: 1648 be50 | 367a 866c | 0200 0080 | 8e41 0100 | 0001 e9e7 

  0x0000026c2f39c41c: ;   {metadata('org/eclipse/equinox/log/Logger')}
  0x0000026c2f39c41c: 0000 0048 | bff8 2909 | 446c 0200 | 008b 7008 | 49ba 0000 | 0043 6c02 | 0000 4903 | f248 3b7e 
  0x0000026c2f39c43c: 200f 841a | 0000 0048 | 3bf7 0f84 | 1100 0000 

  0x0000026c2f39c44c: ;   {runtime_call slow_subtype_check Runtime1 stub}
  0x0000026c2f39c44c: 5657 e8ad | 542f 075e | 5e85 f60f | 848d 0000 

  0x0000026c2f39c45c: ;   {metadata(method data for {method} {0x0000026c8650a318} 'getLogger' '(Ljava/lang/String;)Lorg/eclipse/equinox/log/Logger;' in 'org/eclipse/osgi/internal/log/ExtendedLogServiceImpl')}
  0x0000026c2f39c45c: 0048 be50 | 367a 866c | 0200 008b | 7808 49ba | 0000 0043 | 6c02 0000 | 4903 fa48 | 3bbe 5801 
  0x0000026c2f39c47c: 0000 750d | 4883 8660 | 0100 0001 | e979 0000 | 0048 3bbe | 6801 0000 | 750d 4883 | 8670 0100 
  0x0000026c2f39c49c: 0001 e963 | 0000 0048 | 83be 5801 | 0000 0075 | 1748 89be | 5801 0000 | 48c7 8660 | 0100 0001 
  0x0000026c2f39c4bc: 0000 00e9 | 4200 0000 | 4883 be68 | 0100 0000 | 7517 4889 | be68 0100 | 0048 c786 | 7001 0000 
  0x0000026c2f39c4dc: 0100 0000 | e921 0000 | 00e9 1c00 

  0x0000026c2f39c4e8: ;   {metadata(method data for {method} {0x0000026c8650a318} 'getLogger' '(Ljava/lang/String;)Lorg/eclipse/equinox/log/Logger;' in 'org/eclipse/osgi/internal/log/ExtendedLogServiceImpl')}
  0x0000026c2f39c4e8: 0000 48be | 5036 7a86 | 6c02 0000 | 4883 ae48 | 0100 0001 | e9f0 2300 | 00e9 0000 | 0000 488b 
  0x0000026c2f39c508: d048 3b02 

  0x0000026c2f39c50c: ;   {metadata(method data for {method} {0x0000026c864e5400} 'trace' '(Ljava/lang/String;Ljava/lang/String;)V' in 'org/eclipse/osgi/internal/debug/Debug')}
  0x0000026c2f39c50c: 4c8b c248 | be80 327a | 866c 0200 | 0045 8b40 | 0849 ba00 | 0000 436c | 0200 004d | 03c2 4c3b 
  0x0000026c2f39c52c: 8678 0100 | 0075 0d48 | 8386 8001 | 0000 01e9 | 6000 0000 | 4c3b 8688 | 0100 0075 | 0d48 8386 
  0x0000026c2f39c54c: 9001 0000 | 01e9 4a00 | 0000 4883 | be78 0100 | 0000 7517 | 4c89 8678 | 0100 0048 | c786 8001 
  0x0000026c2f39c56c: 0000 0100 | 0000 e929 | 0000 0048 | 83be 8801 | 0000 0075 | 174c 8986 | 8801 0000 | 48c7 8690 
  0x0000026c2f39c58c: 0100 0001 | 0000 00e9 | 0800 0000 | 4883 8668 | 0100 0001 | 4c8b 8424 | 1001 0000 | 0f1f 4400 
  0x0000026c2f39c5ac: 0048 b8ff | ffff ffff 

  0x0000026c2f39c5b4: ;   {virtual_call}
  0x0000026c2f39c5b4: ffff ffe8 

  0x0000026c2f39c5b8: ; ImmutableOopMap {[160]=Oop [168]=Oop [208]=Oop [256]=Oop }
                      ;*invokeinterface debug {reexecute=0 rethrow=0 return_oop=0}
                      ; - org.eclipse.osgi.internal.debug.Debug::trace@17 (line 265)
                      ; - org.eclipse.osgi.internal.loader.BundleLoader::findClass0@213 (line 502)
  0x0000026c2f39c5b8: c42a 2407 

  0x0000026c2f39c5bc: ;   {other}
  0x0000026c2f39c5bc: 0f1f 8400 | ac28 001b 

  0x0000026c2f39c5c4: ;   {metadata(method data for {method} {0x0000026c864e5400} 'trace' '(Ljava/lang/String;Ljava/lang/String;)V' in 'org/eclipse/osgi/internal/debug/Debug')}
  0x0000026c2f39c5c4: 49b8 8032 | 7a86 6c02 | 0000 41ff | 80a0 0100 | 00e9 5200 | 0000 488b | 8424 1001 

  0x0000026c2f39c5e0: ;   {oop(a 'java/lang/Class'{0x00000000d729fd18} = 'org/eclipse/osgi/internal/debug/Debug')}
  0x0000026c2f39c5e0: 0000 49b8 | 18fd 29d7 | 0000 0000 | 418b 90d0 | 0000 0048 | 3b02 4c8b 

  0x0000026c2f39c5f8: ;   {metadata(method data for {method} {0x0000026c864e5400} 'trace' '(Ljava/lang/String;Ljava/lang/String;)V' in 'org/eclipse/osgi/internal/debug/Debug')}
  0x0000026c2f39c5f8: c248 be80 | 327a 866c 

  0x0000026c2f39c600: ;   {metadata('java/io/PrintStream')}
  0x0000026c2f39c600: 0200 0049 | bac8 a300 | 436c 0200 | 004c 8996 | c801 0000 | 4883 86d0 | 0100 0001 

  0x0000026c2f39c61c: ;   {optimized virtual_call}
  0x0000026c2f39c61c: 4c8b c0e8 

  0x0000026c2f39c620: ; ImmutableOopMap {[160]=Oop [168]=Oop [208]=Oop [256]=Oop }
                      ;*invokevirtual println {reexecute=0 rethrow=0 return_oop=0}
                      ; - org.eclipse.osgi.internal.debug.Debug::trace@29 (line 267)
                      ; - org.eclipse.osgi.internal.loader.BundleLoader::findClass0@213 (line 502)
  0x0000026c2f39c620: 5c25 2407 

  0x0000026c2f39c624: ;   {other}
  0x0000026c2f39c624: 0f1f 8400 | 1429 001c | 488b 9c24 | 0001 0000 

  0x0000026c2f39c634: ; implicit exception: dispatches to 0x0000026c2f39e904
  0x0000026c2f39c634: 483b 034c 

  0x0000026c2f39c638: ;   {metadata(method data for {method} {0x0000026c8658c840} 'findClass0' '(Ljava/lang/String;ZZ)Ljava/lang/Class;' in 'org/eclipse/osgi/internal/loader/BundleLoader')}
  0x0000026c2f39c638: 8bc3 48ba | e05d 7b86 | 6c02 0000 | 458b 4008 | 49ba 0000 | 0043 6c02 | 0000 4d03 | c24c 3b82 
  0x0000026c2f39c658: 8006 0000 | 750d 4883 | 8288 0600 | 0001 e960 | 0000 004c | 3b82 9006 | 0000 750d | 4883 8298 
  0x0000026c2f39c678: 0600 0001 | e94a 0000 | 0048 83ba | 8006 0000 | 0075 174c | 8982 8006 | 0000 48c7 | 8288 0600 
  0x0000026c2f39c698: 0001 0000 | 00e9 2900 | 0000 4883 | ba90 0600 | 0000 7517 | 4c89 8290 | 0600 0048 | c782 9806 
  0x0000026c2f39c6b8: 0000 0100 | 0000 e908 | 0000 0048 | 8382 7006 | 0000 014c | 8b84 24a0 | 0000 0048 | 8bd3 0f1f 
  0x0000026c2f39c6d8: 8000 0000 | 0048 b8ff | ffff ffff 

  0x0000026c2f39c6e4: ;   {virtual_call}
  0x0000026c2f39c6e4: ffff ffe8 

  0x0000026c2f39c6e8: ; ImmutableOopMap {[160]=Oop [168]=Oop [208]=Oop }
                      ;*invokevirtual loadClass {reexecute=0 rethrow=0 return_oop=0}
                      ; - org.eclipse.osgi.internal.loader.BundleLoader::findClass0@219 (line 505)
  0x0000026c2f39c6e8: b4ec 2307 

  0x0000026c2f39c6ec: ;   {other}
  0x0000026c2f39c6ec: 0f1f 8400 | dc29 001d 

  0x0000026c2f39c6f4: ;   {metadata(method data for {method} {0x0000026c8658c840} 'findClass0' '(Ljava/lang/String;ZZ)Ljava/lang/Class;' in 'org/eclipse/osgi/internal/loader/BundleLoader')}
  0x0000026c2f39c6f4: 4885 c048 | bae0 5d7b | 866c 0200 | 0048 c7c6 | a806 0000 | 7507 48c7 | c6b8 0600 | 0048 8b3c 
  0x0000026c2f39c714: 3248 8d7f | 0148 893c | 320f 85c9 | 0300 0048 | 8b94 24a8 

  0x0000026c2f39c728: ;   {metadata(method data for {method} {0x0000026c8658c840} 'findClass0' '(Ljava/lang/String;ZZ)Ljava/lang/Class;' in 'org/eclipse/osgi/internal/loader/BundleLoader')}
  0x0000026c2f39c728: 0000 0048 | bee0 5d7b | 866c 0200 | 008b 5208 | 49ba 0000 | 0043 6c02 | 0000 4903 | d248 3b96 
  0x0000026c2f39c748: d806 0000 | 750d 4883 | 86e0 0600 | 0001 e960 | 0000 0048 | 3b96 e806 | 0000 750d | 4883 86f0 
  0x0000026c2f39c768: 0600 0001 | e94a 0000 | 0048 83be | d806 0000 | 0075 1748 | 8996 d806 | 0000 48c7 | 86e0 0600 
  0x0000026c2f39c788: 0001 0000 | 00e9 2900 | 0000 4883 | bee8 0600 | 0000 7517 | 4889 96e8 | 0600 0048 | c786 f006 
  0x0000026c2f39c7a8: 0000 0100 | 0000 e908 | 0000 0048 | 8386 c806 | 0000 0148 | 8b94 24a8 | 0000 0066 | 9048 b8ff 
  0x0000026c2f39c7c8: ffff ffff 

  0x0000026c2f39c7cc: ;   {virtual_call}
  0x0000026c2f39c7cc: ffff ffe8 

  0x0000026c2f39c7d0: ; ImmutableOopMap {[160]=Oop [168]=Oop [208]=Oop }
                      ;*invokevirtual getModuleClassLoader {reexecute=0 rethrow=0 return_oop=0}
                      ; - org.eclipse.osgi.internal.loader.BundleLoader::findClass0@230 (line 509)
  0x0000026c2f39c7d0: ac28 2407 

  0x0000026c2f39c7d4: ;   {other}
  0x0000026c2f39c7d4: 0f1f 8400 | c42a 001e 

  0x0000026c2f39c7dc: ; implicit exception: dispatches to 0x0000026c2f39e909
  0x0000026c2f39c7dc: 483b 004c 

  0x0000026c2f39c7e0: ;   {metadata(method data for {method} {0x0000026c8658c840} 'findClass0' '(Ljava/lang/String;ZZ)Ljava/lang/Class;' in 'org/eclipse/osgi/internal/loader/BundleLoader')}
  0x0000026c2f39c7e0: 8bc0 48ba | e05d 7b86 | 6c02 0000 | 458b 4008 | 49ba 0000 | 0043 6c02 | 0000 4d03 | c24c 3b82 
  0x0000026c2f39c800: 1007 0000 | 750d 4883 | 8218 0700 | 0001 e960 | 0000 004c | 3b82 2007 | 0000 750d | 4883 8228 
  0x0000026c2f39c820: 0700 0001 | e94a 0000 | 0048 83ba | 1007 0000 | 0075 174c | 8982 1007 | 0000 48c7 | 8218 0700 
  0x0000026c2f39c840: 0001 0000 | 00e9 2900 | 0000 4883 | ba20 0700 | 0000 7517 | 4c89 8220 | 0700 0048 | c782 2807 
  0x0000026c2f39c860: 0000 0100 | 0000 e908 | 0000 0048 | 8382 0007 

  0x0000026c2f39c870: ;   {metadata(method data for {method} {0x0000026c865dff98} 'publicFindLoaded' '(Ljava/lang/String;)Ljava/lang/Class;' in 'org/eclipse/osgi/internal/loader/ModuleClassLoader')}
  0x0000026c2f39c870: 0000 0149 | b868 7d7b | 866c 0200 | 0041 8b90 | cc00 0000 | 83c2 0241 | 8990 cc00 | 0000 81e2 
  0x0000026c2f39c890: feff 1f00 | 85d2 0f84 | 7220 0000 

  0x0000026c2f39c89c: ;   {metadata(method data for {method} {0x0000026c865dff98} 'publicFindLoaded' '(Ljava/lang/String;)Ljava/lang/Class;' in 'org/eclipse/osgi/internal/loader/ModuleClassLoader')}
  0x0000026c2f39c89c: 4c8b c048 | ba68 7d7b | 866c 0200 | 0045 8b40 | 0849 ba00 | 0000 436c | 0200 004d | 03c2 4c3b 
  0x0000026c2f39c8bc: 8220 0100 | 0075 0d48 | 8382 2801 | 0000 01e9 | 6000 0000 | 4c3b 8230 | 0100 0075 | 0d48 8382 
  0x0000026c2f39c8dc: 3801 0000 | 01e9 4a00 | 0000 4883 | ba20 0100 | 0000 7517 | 4c89 8220 | 0100 0048 | c782 2801 
  0x0000026c2f39c8fc: 0000 0100 | 0000 e929 | 0000 0048 | 83ba 3001 | 0000 0075 | 174c 8982 | 3001 0000 | 48c7 8238 
  0x0000026c2f39c91c: 0100 0001 | 0000 00e9 | 0800 0000 | 4883 8210 | 0100 0001 

  0x0000026c2f39c930: ;   {metadata(method data for {method} {0x0000026c86624b48} 'getClassLoadingLock' '(Ljava/lang/String;)Ljava/lang/Object;' in 'org/eclipse/osgi/internal/loader/ModuleClassLoader')}
  0x0000026c2f39c930: 49b8 4084 | 9186 6c02 | 0000 418b | 90cc 0000 | 0083 c202 | 4189 90cc | 0000 0081 | e2fe ff1f 
  0x0000026c2f39c950: 0085 d20f | 84d6 1f00 | 008b 5050 

  0x0000026c2f39c95c: ; implicit exception: dispatches to 0x0000026c2f39e950
  0x0000026c2f39c95c: 483b 024c 

  0x0000026c2f39c960: ;   {metadata(method data for {method} {0x0000026c86624b48} 'getClassLoadingLock' '(Ljava/lang/String;)Ljava/lang/Object;' in 'org/eclipse/osgi/internal/loader/ModuleClassLoader')}
  0x0000026c2f39c960: 8bc2 48be | 4084 9186 | 6c02 0000 | 4883 8610 | 0100 0001 | 4c8b 8424 | a000 0000 | 4889 8424 
  0x0000026c2f39c980: 1801 0000 

  0x0000026c2f39c984: ;   {optimized virtual_call}
  0x0000026c2f39c984: 6666 90e8 

  0x0000026c2f39c988: ; ImmutableOopMap {[160]=Oop [168]=Oop [208]=Oop [280]=Oop }
                      ;*invokevirtual getLock {reexecute=0 rethrow=0 return_oop=0}
                      ; - org.eclipse.osgi.internal.loader.ModuleClassLoader::getClassLoadingLock@5 (line 437)
                      ; - org.eclipse.osgi.internal.loader.ModuleClassLoader::publicFindLoaded@2 (line 323)
                      ; - org.eclipse.osgi.internal.loader.BundleLoader::findClass0@234 (line 509)
  0x0000026c2f39c988: f421 2407 

  0x0000026c2f39c98c: ;   {other}
  0x0000026c2f39c98c: 0f1f 8400 | 7c2c 001f | 4889 8424 | 2001 0000 | 488d 9424 | 5001 0000 | 488b f048 | 8972 0848 
  0x0000026c2f39c9ac: 8b06 4883 | c801 4889 | 02f0 480f | b116 0f84 | 1200 0000 | 482b c448 | 2507 f0ff | ff48 8902 
  0x0000026c2f39c9cc: 0f85 881f | 0000 49ff | 8750 0500 | 0048 8b94 | 2418 0100 

  0x0000026c2f39c9e0: ;   {metadata(method data for {method} {0x0000026c865dff98} 'publicFindLoaded' '(Ljava/lang/String;)Ljava/lang/Class;' in 'org/eclipse/osgi/internal/loader/ModuleClassLoader')}
  0x0000026c2f39c9e0: 0048 be68 | 7d7b 866c | 0200 0048 | 8386 4801 

  0x0000026c2f39c9f0: ;   {metadata(method data for {method} {0x0000026c434353e0} 'findLoadedClass' '(Ljava/lang/String;)Ljava/lang/Class;' in 'java/lang/ClassLoader')}
  0x0000026c2f39c9f0: 0000 0148 | ba58 dd23 | 866c 0200 | 008b b2cc | 0000 0083 | c602 89b2 | cc00 0000 | 81e6 feff 
  0x0000026c2f39ca10: 1f00 85f6 | 0f84 531f 

  0x0000026c2f39ca18: ;   {metadata(method data for {method} {0x0000026c434353e0} 'findLoadedClass' '(Ljava/lang/String;)Ljava/lang/Class;' in 'java/lang/ClassLoader')}
  0x0000026c2f39ca18: 0000 48ba | 58dd 2386 | 6c02 0000 | 4883 8210 | 0100 0001 | 488b 9424 | a000 0000 

  0x0000026c2f39ca34: ;   {static_call}
  0x0000026c2f39ca34: 6666 90e8 

  0x0000026c2f39ca38: ; ImmutableOopMap {[160]=Oop [168]=Oop [208]=Oop [280]=Oop [288]=Oop [344]=Oop }
                      ;*invokestatic checkName {reexecute=0 rethrow=0 return_oop=0}
                      ; - java.lang.ClassLoader::findLoadedClass@1
                      ; - org.eclipse.osgi.internal.loader.ModuleClassLoader::publicFindLoaded@10 (line 324)
                      ; - org.eclipse.osgi.internal.loader.BundleLoader::findClass0@234 (line 509)
  0x0000026c2f39ca38: 442b 2407 

  0x0000026c2f39ca3c: ;   {other}
  0x0000026c2f39ca3c: 0f1f 8400 | 2c2d 0020 

  0x0000026c2f39ca44: ;   {metadata(method data for {method} {0x0000026c434353e0} 'findLoadedClass' '(Ljava/lang/String;)Ljava/lang/Class;' in 'java/lang/ClassLoader')}
  0x0000026c2f39ca44: 85c0 49b8 | 58dd 2386 | 6c02 0000 | 48c7 c220 | 0100 0075 | 0748 c7c2 | 3001 0000 | 498b 3410 
  0x0000026c2f39ca64: 488d 7601 | 4989 3410 | 0f85 0f00 

  0x0000026c2f39ca70: ;   {oop(nullptr)}
  0x0000026c2f39ca70: 0000 48be | 0000 0000 | 0000 0000 | e93e 0000 | 0048 8b84 | 2418 0100 | 004c 8bc0 

  0x0000026c2f39ca8c: ;   {metadata(method data for {method} {0x0000026c434353e0} 'findLoadedClass' '(Ljava/lang/String;)Ljava/lang/Class;' in 'java/lang/ClassLoader')}
  0x0000026c2f39ca8c: 48ba 58dd | 2386 6c02 | 0000 4883 | 8240 0100 | 0001 4c8b | 8424 a000 | 0000 488b | d066 0f1f 
  0x0000026c2f39caac: ;   {optimized virtual_call}
  0x0000026c2f39caac: 4400 00e8 

  0x0000026c2f39cab0: ; ImmutableOopMap {[160]=Oop [168]=Oop [208]=Oop [288]=Oop [344]=Oop }
                      ;*invokevirtual findLoadedClass0 {reexecute=0 rethrow=0 return_oop=0}
                      ; - java.lang.ClassLoader::findLoadedClass@11
                      ; - org.eclipse.osgi.internal.loader.ModuleClassLoader::publicFindLoaded@10 (line 324)
                      ; - org.eclipse.osgi.internal.loader.BundleLoader::findClass0@234 (line 509)
  0x0000026c2f39cab0: cc20 2407 

  0x0000026c2f39cab4: ;   {other}
  0x0000026c2f39cab4: 0f1f 8400 | a42d 0021 | 488b f048 | 8d84 2450 | 0100 004c | 8b00 4d85 | c00f 840f | 0000 004c 
  0x0000026c2f39cad4: 8b48 08f0 | 4d0f b101 | 0f85 ac1e | 0000 49ff | 8f50 0500 | 0048 8bc6 

  0x0000026c2f39caec: ;   {metadata(method data for {method} {0x0000026c8658c840} 'findClass0' '(Ljava/lang/String;ZZ)Ljava/lang/Class;' in 'org/eclipse/osgi/internal/loader/BundleLoader')}
  0x0000026c2f39caec: 4885 c049 | b8e0 5d7b | 866c 0200 | 0049 c7c1 | 3807 0000 | 7407 49c7 | c148 0700 | 004b 8b14 
  0x0000026c2f39cb0c: 0848 8d52 | 014b 8914 | 080f 8416 | 1500 0048 | 81c4 7001 

  0x0000026c2f39cb20: ;   {poll_return}
  0x0000026c2f39cb20: 0000 5d49 | 3ba7 5004 | 0000 0f87 | 741e 0000 | c348 8b94 | 24a8 0000 

  0x0000026c2f39cb38: ;   {metadata(method data for {method} {0x0000026c8658c840} 'findClass0' '(Ljava/lang/String;ZZ)Ljava/lang/Class;' in 'org/eclipse/osgi/internal/loader/BundleLoader')}
  0x0000026c2f39cb38: 0049 b8e0 | 5d7b 866c | 0200 0049 | 8380 6807 | 0000 014c | 8b84 24b8 

  0x0000026c2f39cb50: ;   {oop(nullptr)}
  0x0000026c2f39cb50: 0000 0049 | b900 0000 | 0000 0000 | 0048 8b94 | 24a8 0000 

  0x0000026c2f39cb64: ;   {optimized virtual_call}
  0x0000026c2f39cb64: 0066 90e8 

  0x0000026c2f39cb68: ; ImmutableOopMap {[160]=Oop [168]=Oop [184]=Oop [208]=Oop [232]=Oop }
                      ;*invokespecial findRequiredSource {reexecute=0 rethrow=0 return_oop=0}
                      ; - org.eclipse.osgi.internal.loader.BundleLoader::findClass0@260 (line 516)
  0x0000026c2f39cb68: ab24 0000 

  0x0000026c2f39cb6c: ;   {other}
  0x0000026c2f39cb6c: 0f1f 8400 | 5c2e 0022 | 4889 8424 | 3001 0000 

  0x0000026c2f39cb7c: ;   {metadata(method data for {method} {0x0000026c8658c840} 'findClass0' '(Ljava/lang/String;ZZ)Ljava/lang/Class;' in 'org/eclipse/osgi/internal/loader/BundleLoader')}
  0x0000026c2f39cb7c: 4885 c048 | bae0 5d7b | 866c 0200 | 0048 c7c6 | 8807 0000 | 7507 48c7 | c678 0700 | 0048 8b3c 
  0x0000026c2f39cb9c: 3248 8d7f | 0148 893c | 320f 850d | 0000 0048 | 8bb4 24e8 | 0000 00e9 | ef0a 0000 | 488b 9c24 
  0x0000026c2f39cbbc: d000 0000 

  0x0000026c2f39cbc0: ;   {metadata(method data for {method} {0x0000026c8658c840} 'findClass0' '(Ljava/lang/String;ZZ)Ljava/lang/Class;' in 'org/eclipse/osgi/internal/loader/BundleLoader')}
  0x0000026c2f39cbc0: 4885 db48 | bae0 5d7b | 866c 0200 | 0048 c7c6 | 9807 0000 | 7407 48c7 | c6a8 0700 | 0048 8b3c 
  0x0000026c2f39cbe0: 3248 8d7f | 0148 893c | 3248 899c | 24d0 0000 | 000f 84ed | 0900 0048 | 8b94 24a8 | 0000 0044 
  0x0000026c2f39cc00: 8b4a 184c | 898c 2438 | 0100 000f | 1f44 0000 

  0x0000026c2f39cc10: ;   {no_reloc}
  0x0000026c2f39cc10: e9b4 1d00 | 0000 0000 | 0000 498b | 87b8 0100 | 0048 8d78 | 1849 3bbf | c801 0000 | 0f87 a11d 
  0x0000026c2f39cc30: 0000 4989 | bfb8 0100 | 0048 c700 | 0100 0000 | 488b ca49 | ba00 0000 | 436c 0200 | 0049 2bca 
  0x0000026c2f39cc50: 8948 0848 | 33c9 8948 | 0c48 33c9 | 4889 4810 

  0x0000026c2f39cc60: ;   {metadata(method data for {method} {0x0000026c8658c840} 'findClass0' '(Ljava/lang/String;ZZ)Ljava/lang/Class;' in 'org/eclipse/osgi/internal/loader/BundleLoader')}
  0x0000026c2f39cc60: 4c8b c048 | bae0 5d7b | 866c 0200 | 0048 8382 | b807 0000 

  0x0000026c2f39cc74: ;   {metadata(method data for {method} {0x0000026c43461da8} '<init>' '(Ljava/lang/String;)V' in 'java/lang/StringBuilder')}
  0x0000026c2f39cc74: 0149 b870 | 5130 866c | 0200 0041 | 8b90 cc00 | 0000 83c2 | 0241 8990 | cc00 0000 | 81e2 feff 
  0x0000026c2f39cc94: 1f00 85d2 | 0f84 421d | 0000 4c8b 

  0x0000026c2f39cca0: ;   {metadata(method data for {method} {0x0000026c43461da8} '<init>' '(Ljava/lang/String;)V' in 'java/lang/StringBuilder')}
  0x0000026c2f39cca0: c048 ba70 | 5130 866c | 0200 0048 | 8382 1001 

  0x0000026c2f39ccb0: ;   {oop("BundleLoader["{0x00000000d57764f8})}
  0x0000026c2f39ccb0: 0000 0149 | b8f8 6477 | d500 0000 | 0048 8bd0 | 4889 8424 | 2801 0000 | 0f1f 8000 

  0x0000026c2f39cccc: ;   {optimized virtual_call}
  0x0000026c2f39cccc: 0000 00e8 

  0x0000026c2f39ccd0: ; ImmutableOopMap {[160]=Oop [168]=Oop [184]=Oop [208]=Oop [296]=Oop [304]=Oop [312]=Oop }
                      ;*invokespecial <init> {reexecute=0 rethrow=0 return_oop=0}
                      ; - java.lang.StringBuilder::<init>@2
                      ; - org.eclipse.osgi.internal.loader.BundleLoader::findClass0@288 (line 520)
  0x0000026c2f39ccd0: ac1e 2407 

  0x0000026c2f39ccd4: ;   {other}
  0x0000026c2f39ccd4: 0f1f 8400 | c42f 0023 | 488b 8424 | 2801 0000 

  0x0000026c2f39cce4: ;   {metadata(method data for {method} {0x0000026c8658c840} 'findClass0' '(Ljava/lang/String;ZZ)Ljava/lang/Class;' in 'org/eclipse/osgi/internal/loader/BundleLoader')}
  0x0000026c2f39cce4: 48ba e05d | 7b86 6c02 | 0000 4883 | 82c8 0700 

  0x0000026c2f39ccf4: ;   {metadata(method data for {method} {0x0000026c43461b40} 'append' '(Ljava/lang/Object;)Ljava/lang/StringBuilder;' in 'java/lang/StringBuilder')}
  0x0000026c2f39ccf4: 0001 48ba | 80f7 0986 | 6c02 0000 | 8bb2 cc00 | 0000 83c6 | 0289 b2cc | 0000 0081 | e6fe ff1f 
  0x0000026c2f39cd14: 0085 f60f | 84e4 1c00 

  0x0000026c2f39cd1c: ;   {metadata(method data for {method} {0x0000026c43461b40} 'append' '(Ljava/lang/Object;)Ljava/lang/StringBuilder;' in 'java/lang/StringBuilder')}
  0x0000026c2f39cd1c: 0048 ba80 | f709 866c | 0200 0048 | 8382 1001 

  0x0000026c2f39cd2c: ;   {metadata(method data for {method} {0x0000026c43455280} 'valueOf' '(Ljava/lang/Object;)Ljava/lang/String;' in 'java/lang/String')}
  0x0000026c2f39cd2c: 0000 0148 | ba20 f909 | 866c 0200 | 008b b2cc | 0000 0083 | c602 89b2 | cc00 0000 | 81e6 feff 
  0x0000026c2f39cd4c: 1f00 85f6 | 0f84 cc1c 

  0x0000026c2f39cd54: ;   {metadata(method data for {method} {0x0000026c43455280} 'valueOf' '(Ljava/lang/Object;)Ljava/lang/String;' in 'java/lang/String')}
  0x0000026c2f39cd54: 0000 48ba | 20f9 0986 | 6c02 0000 | ff82 1001 | 0000 488b | 9424 a800 

  0x0000026c2f39cd6c: ;   {metadata(method data for {method} {0x0000026c43455280} 'valueOf' '(Ljava/lang/Object;)Ljava/lang/String;' in 'java/lang/String')}
  0x0000026c2f39cd6c: 0000 48be | 20f9 0986 | 6c02 0000 | 8b52 0849 | ba00 0000 | 436c 0200 | 0049 03d2 | 483b 9658 
  0x0000026c2f39cd8c: 0100 0075 | 0d48 8386 | 6001 0000 | 01e9 6000 | 0000 483b | 9668 0100 | 0075 0d48 | 8386 7001 
  0x0000026c2f39cdac: 0000 01e9 | 4a00 0000 | 4883 be58 | 0100 0000 | 7517 4889 | 9658 0100 | 0048 c786 | 6001 0000 
  0x0000026c2f39cdcc: 0100 0000 | e929 0000 | 0048 83be | 6801 0000 | 0075 1748 | 8996 6801 | 0000 48c7 | 8670 0100 
  0x0000026c2f39cdec: 0001 0000 | 00e9 0800 | 0000 4883 | 8648 0100 | 0001 488b | 9424 a800 

  0x0000026c2f39ce04: ;   {optimized virtual_call}
  0x0000026c2f39ce04: 0000 90e8 

  0x0000026c2f39ce08: ; ImmutableOopMap {[160]=Oop [168]=Oop [184]=Oop [208]=Oop [296]=Oop [304]=Oop [312]=Oop }
                      ;*invokevirtual toString {reexecute=0 rethrow=0 return_oop=0}
                      ; - java.lang.String::valueOf@11
                      ; - java.lang.StringBuilder::append@2
                      ; - org.eclipse.osgi.internal.loader.BundleLoader::findClass0@292 (line 520)
  0x0000026c2f39ce08: 741d 2407 

  0x0000026c2f39ce0c: ;   {other}
  0x0000026c2f39ce0c: 0f1f 8400 | fc30 0024 | 4c8b 8424 | 2801 0000 

  0x0000026c2f39ce1c: ;   {metadata(method data for {method} {0x0000026c43461b40} 'append' '(Ljava/lang/Object;)Ljava/lang/StringBuilder;' in 'java/lang/StringBuilder')}
  0x0000026c2f39ce1c: 48ba 80f7 | 0986 6c02 | 0000 4883 | 8220 0100 

  0x0000026c2f39ce2c: ;   {metadata(method data for {method} {0x0000026c43461ae8} 'append' '(Ljava/lang/String;)Ljava/lang/StringBuilder;' in 'java/lang/StringBuilder')}
  0x0000026c2f39ce2c: 0001 49b8 | 20c3 0086 | 6c02 0000 | 418b 90cc | 0000 0083 | c202 4189 | 90cc 0000 | 0081 e2fe 
  0x0000026c2f39ce4c: ff1f 0085 | d20f 84ec | 1b00 004c | 8b84 2428 

  0x0000026c2f39ce5c: ;   {metadata(method data for {method} {0x0000026c43461ae8} 'append' '(Ljava/lang/String;)Ljava/lang/StringBuilder;' in 'java/lang/StringBuilder')}
  0x0000026c2f39ce5c: 0100 0048 | ba20 c300 | 866c 0200 | 0048 8382 | 1001 0000 | 014c 8bc0 | 488b 9424 | 2801 0000 
  0x0000026c2f39ce7c: ;   {optimized virtual_call}
  0x0000026c2f39ce7c: 6666 90e8 

  0x0000026c2f39ce80: ; ImmutableOopMap {[160]=Oop [168]=Oop [184]=Oop [208]=Oop [296]=Oop [304]=Oop [312]=Oop }
                      ;*invokespecial append {reexecute=0 rethrow=0 return_oop=0}
                      ; - java.lang.StringBuilder::append@2
                      ; - java.lang.StringBuilder::append@5
                      ; - org.eclipse.osgi.internal.loader.BundleLoader::findClass0@292 (line 520)
  0x0000026c2f39ce80: fc1c 2407 

  0x0000026c2f39ce84: ;   {other}
  0x0000026c2f39ce84: 0f1f 8400 | 7431 0025 | 4c8b 8424 | 2801 0000 

  0x0000026c2f39ce94: ;   {metadata(method data for {method} {0x0000026c8658c840} 'findClass0' '(Ljava/lang/String;ZZ)Ljava/lang/Class;' in 'org/eclipse/osgi/internal/loader/BundleLoader')}
  0x0000026c2f39ce94: 48ba e05d | 7b86 6c02 | 0000 4883 | 8200 0800 

  0x0000026c2f39cea4: ;   {metadata(method data for {method} {0x0000026c43461ae8} 'append' '(Ljava/lang/String;)Ljava/lang/StringBuilder;' in 'java/lang/StringBuilder')}
  0x0000026c2f39cea4: 0001 49b8 | 20c3 0086 | 6c02 0000 | 418b 90cc | 0000 0083 | c202 4189 | 90cc 0000 | 0081 e2fe 
  0x0000026c2f39cec4: ff1f 0085 | d20f 8495 | 1b00 004c | 8b84 2428 

  0x0000026c2f39ced4: ;   {metadata(method data for {method} {0x0000026c43461ae8} 'append' '(Ljava/lang/String;)Ljava/lang/StringBuilder;' in 'java/lang/StringBuilder')}
  0x0000026c2f39ced4: 0100 0048 | ba20 c300 | 866c 0200 | 0048 8382 | 1001 0000 

  0x0000026c2f39cee8: ;   {oop("] loading from required bundle package: "{0x00000000d57766f8})}
  0x0000026c2f39cee8: 0149 b8f8 | 6677 d500 | 0000 0048 | 8b94 2428 | 0100 000f 

  0x0000026c2f39cefc: ;   {optimized virtual_call}
  0x0000026c2f39cefc: 1f40 00e8 

  0x0000026c2f39cf00: ; ImmutableOopMap {[160]=Oop [168]=Oop [184]=Oop [208]=Oop [296]=Oop [304]=Oop [312]=Oop }
                      ;*invokespecial append {reexecute=0 rethrow=0 return_oop=0}
                      ; - java.lang.StringBuilder::append@2
                      ; - org.eclipse.osgi.internal.loader.BundleLoader::findClass0@298 (line 520)
  0x0000026c2f39cf00: 7c1c 2407 

  0x0000026c2f39cf04: ;   {other}
  0x0000026c2f39cf04: 0f1f 8400 | f431 0026 | 488b 8424 | 2801 0000 

  0x0000026c2f39cf14: ;   {metadata(method data for {method} {0x0000026c8658c840} 'findClass0' '(Ljava/lang/String;ZZ)Ljava/lang/Class;' in 'org/eclipse/osgi/internal/loader/BundleLoader')}
  0x0000026c2f39cf14: 48ba e05d | 7b86 6c02 | 0000 4883 | 8238 0800 

  0x0000026c2f39cf24: ;   {metadata(method data for {method} {0x0000026c43461b40} 'append' '(Ljava/lang/Object;)Ljava/lang/StringBuilder;' in 'java/lang/StringBuilder')}
  0x0000026c2f39cf24: 0001 48ba | 80f7 0986 | 6c02 0000 | 8bb2 cc00 | 0000 83c6 | 0289 b2cc | 0000 0081 | e6fe ff1f 
  0x0000026c2f39cf44: 0085 f60f | 8438 1b00 

  0x0000026c2f39cf4c: ;   {metadata(method data for {method} {0x0000026c43461b40} 'append' '(Ljava/lang/Object;)Ljava/lang/StringBuilder;' in 'java/lang/StringBuilder')}
  0x0000026c2f39cf4c: 0048 ba80 | f709 866c | 0200 0048 | 8382 1001 

  0x0000026c2f39cf5c: ;   {metadata(method data for {method} {0x0000026c43455280} 'valueOf' '(Ljava/lang/Object;)Ljava/lang/String;' in 'java/lang/String')}
  0x0000026c2f39cf5c: 0000 0148 | ba20 f909 | 866c 0200 | 008b b2cc | 0000 0083 | c602 89b2 | cc00 0000 | 81e6 feff 
  0x0000026c2f39cf7c: 1f00 85f6 | 0f84 201b | 0000 488b | 8424 3001 | 0000 4885 

  0x0000026c2f39cf90: ;   {metadata(method data for {method} {0x0000026c43455280} 'valueOf' '(Ljava/lang/Object;)Ljava/lang/String;' in 'java/lang/String')}
  0x0000026c2f39cf90: c048 ba20 | f909 866c | 0200 0048 | c7c6 1001 | 0000 7507 | 48c7 c620 | 0100 0048 | 8b3c 3248 
  0x0000026c2f39cfb0: 8d7f 0148 | 893c 320f | 851f 0000 

  0x0000026c2f39cfbc: ;   {metadata(method data for {method} {0x0000026c43455280} 'valueOf' '(Ljava/lang/Object;)Ljava/lang/String;' in 'java/lang/String')}
  0x0000026c2f39cfbc: 0048 ba20 | f909 866c | 0200 00ff | 8230 0100 

  0x0000026c2f39cfcc: ;   {oop("null"{0x0000000080000870})}
  0x0000026c2f39cfcc: 0048 be70 | 0800 8000 | 0000 00e9 | ab00 0000 

  0x0000026c2f39cfdc: ; implicit exception: dispatches to 0x0000026c2f39eac7
  0x0000026c2f39cfdc: 483b 0048 

  0x0000026c2f39cfe0: ;   {metadata(method data for {method} {0x0000026c43455280} 'valueOf' '(Ljava/lang/Object;)Ljava/lang/String;' in 'java/lang/String')}
  0x0000026c2f39cfe0: 8bd0 48be | 20f9 0986 | 6c02 0000 | 8b52 0849 | ba00 0000 | 436c 0200 | 0049 03d2 | 483b 9658 
  0x0000026c2f39d000: 0100 0075 | 0d48 8386 | 6001 0000 | 01e9 6000 | 0000 483b | 9668 0100 | 0075 0d48 | 8386 7001 
  0x0000026c2f39d020: 0000 01e9 | 4a00 0000 | 4883 be58 | 0100 0000 | 7517 4889 | 9658 0100 | 0048 c786 | 6001 0000 
  0x0000026c2f39d040: 0100 0000 | e929 0000 | 0048 83be | 6801 0000 | 0075 1748 | 8996 6801 | 0000 48c7 | 8670 0100 
  0x0000026c2f39d060: 0001 0000 | 00e9 0800 | 0000 4883 | 8648 0100 | 0001 488b 

  0x0000026c2f39d074: ;   {optimized virtual_call}
  0x0000026c2f39d074: d066 90e8 

  0x0000026c2f39d078: ; ImmutableOopMap {[160]=Oop [168]=Oop [184]=Oop [208]=Oop [296]=Oop [304]=Oop [312]=Oop }
                      ;*invokevirtual toString {reexecute=0 rethrow=0 return_oop=0}
                      ; - java.lang.String::valueOf@11
                      ; - java.lang.StringBuilder::append@2
                      ; - org.eclipse.osgi.internal.loader.BundleLoader::findClass0@303 (line 520)
  0x0000026c2f39d078: 041b 2407 

  0x0000026c2f39d07c: ;   {other}
  0x0000026c2f39d07c: 0f1f 8400 | 6c33 0027 | 488b f048 | 8b84 2428 

  0x0000026c2f39d08c: ;   {metadata(method data for {method} {0x0000026c43461b40} 'append' '(Ljava/lang/Object;)Ljava/lang/StringBuilder;' in 'java/lang/StringBuilder')}
  0x0000026c2f39d08c: 0100 0049 | b880 f709 | 866c 0200 | 0049 8380 | 2001 0000 

  0x0000026c2f39d0a0: ;   {metadata(method data for {method} {0x0000026c43461ae8} 'append' '(Ljava/lang/String;)Ljava/lang/StringBuilder;' in 'java/lang/StringBuilder')}
  0x0000026c2f39d0a0: 0149 b820 | c300 866c | 0200 0041 | 8b90 cc00 | 0000 83c2 | 0241 8990 | cc00 0000 | 81e2 feff 
  0x0000026c2f39d0c0: 1f00 85d2 | 0f84 021a | 0000 488b | 8424 2801 

  0x0000026c2f39d0d0: ;   {metadata(method data for {method} {0x0000026c43461ae8} 'append' '(Ljava/lang/String;)Ljava/lang/StringBuilder;' in 'java/lang/StringBuilder')}
  0x0000026c2f39d0d0: 0000 49b8 | 20c3 0086 | 6c02 0000 | 4983 8010 | 0100 0001 | 4c8b c648 | 8b94 2428 

  0x0000026c2f39d0ec: ;   {optimized virtual_call}
  0x0000026c2f39d0ec: 0100 00e8 

  0x0000026c2f39d0f0: ; ImmutableOopMap {[160]=Oop [168]=Oop [184]=Oop [208]=Oop [296]=Oop [304]=Oop [312]=Oop }
                      ;*invokespecial append {reexecute=0 rethrow=0 return_oop=0}
                      ; - java.lang.StringBuilder::append@2
                      ; - java.lang.StringBuilder::append@5
                      ; - org.eclipse.osgi.internal.loader.BundleLoader::findClass0@303 (line 520)
  0x0000026c2f39d0f0: 8c1a 2407 

  0x0000026c2f39d0f4: ;   {other}
  0x0000026c2f39d0f4: 0f1f 8400 | e433 0028 | 4c8b 8424 | 2801 0000 

  0x0000026c2f39d104: ;   {metadata(method data for {method} {0x0000026c8658c840} 'findClass0' '(Ljava/lang/String;ZZ)Ljava/lang/Class;' in 'org/eclipse/osgi/internal/loader/BundleLoader')}
  0x0000026c2f39d104: 498b c048 | bae0 5d7b | 866c 0200 | 0048 8382 | 7008 0000 

  0x0000026c2f39d118: ;   {metadata(method data for {method} {0x0000026c43008958} 'toString' '()Ljava/lang/String;' in 'java/lang/StringBuilder')}
  0x0000026c2f39d118: 0148 ba48 | ca00 866c | 0200 008b | b2cc 0000 | 0083 c602 | 89b2 cc00 | 0000 81e6 | feff 1f00 
  0x0000026c2f39d138: 85f6 0f84 | ad19 0000 

  0x0000026c2f39d140: ;   {metadata('java/lang/String')}
  0x0000026c2f39d140: 48ba 78e8 | 0043 6c02 | 0000 498b | 87b8 0100 | 0048 8d78 | 1849 3bbf | c801 0000 | 0f87 ac19 
  0x0000026c2f39d160: 0000 4989 | bfb8 0100 | 0048 c700 | 0100 0000 | 488b ca49 | ba00 0000 | 436c 0200 | 0049 2bca 
  0x0000026c2f39d180: 8948 0848 | 33c9 8948 | 0c48 33c9 | 4889 4810 

  0x0000026c2f39d190: ;   {metadata(method data for {method} {0x0000026c43008958} 'toString' '()Ljava/lang/String;' in 'java/lang/StringBuilder')}
  0x0000026c2f39d190: 488b d048 | be48 ca00 | 866c 0200 | 0048 8386 | 1001 0000 

  0x0000026c2f39d1a4: ;   {metadata(method data for {method} {0x0000026c43455dd8} '<init>' '(Ljava/lang/StringBuilder;)V' in 'java/lang/String')}
  0x0000026c2f39d1a4: 0148 ba90 | cb00 866c | 0200 008b | b2cc 0000 | 0083 c602 | 89b2 cc00 | 0000 81e6 | feff 1f00 
  0x0000026c2f39d1c4: 85f6 0f84 | 4f19 0000 

  0x0000026c2f39d1cc: ;   {metadata(method data for {method} {0x0000026c43455dd8} '<init>' '(Ljava/lang/StringBuilder;)V' in 'java/lang/String')}
  0x0000026c2f39d1cc: 488b d048 | be90 cb00 | 866c 0200 | 0048 8386 | 1001 0000 

  0x0000026c2f39d1e0: ;   {oop(nullptr)}
  0x0000026c2f39d1e0: 0149 b900 | 0000 0000 | 0000 0048 | 8bd0 4889 | 8424 4001 

  0x0000026c2f39d1f4: ;   {optimized virtual_call}
  0x0000026c2f39d1f4: 0000 90e8 

  0x0000026c2f39d1f8: ; ImmutableOopMap {[160]=Oop [168]=Oop [184]=Oop [208]=Oop [304]=Oop [312]=Oop [320]=Oop }
                      ;*invokespecial <init> {reexecute=0 rethrow=0 return_oop=0}
                      ; - java.lang.String::<init>@3
                      ; - java.lang.StringBuilder::toString@5
                      ; - org.eclipse.osgi.internal.loader.BundleLoader::findClass0@306 (line 520)
  0x0000026c2f39d1f8: 8419 2407 

  0x0000026c2f39d1fc: ;   {other}
  0x0000026c2f39d1fc: 0f1f 8400 | ec34 0029 | 4c8b 8c24 | 3801 0000 

  0x0000026c2f39d20c: ; implicit exception: dispatches to 0x0000026c2f39eb3c
  0x0000026c2f39d20c: 493b 014d 

  0x0000026c2f39d210: ;   {metadata(method data for {method} {0x0000026c8658c840} 'findClass0' '(Ljava/lang/String;ZZ)Ljava/lang/Class;' in 'org/eclipse/osgi/internal/loader/BundleLoader')}
  0x0000026c2f39d210: 8bc1 48ba | e05d 7b86 | 6c02 0000 

  0x0000026c2f39d21c: ;   {metadata('org/eclipse/osgi/internal/debug/Debug')}
  0x0000026c2f39d21c: 49ba 8009 | 0944 6c02 | 0000 4c89 | 92b8 0800 | 0048 8382 | c008 0000 

  0x0000026c2f39d234: ;   {metadata(method data for {method} {0x0000026c864e5400} 'trace' '(Ljava/lang/String;Ljava/lang/String;)V' in 'org/eclipse/osgi/internal/debug/Debug')}
  0x0000026c2f39d234: 0149 b880 | 327a 866c | 0200 0041 | 8b90 cc00 | 0000 83c2 | 0241 8990 | cc00 0000 | 81e2 feff 
  0x0000026c2f39d254: 1f00 85d2 | 0f84 e318 | 0000 418b | 5124 4885 

  0x0000026c2f39d264: ;   {metadata(method data for {method} {0x0000026c864e5400} 'trace' '(Ljava/lang/String;Ljava/lang/String;)V' in 'org/eclipse/osgi/internal/debug/Debug')}
  0x0000026c2f39d264: d249 b880 | 327a 866c | 0200 0049 | c7c1 1001 | 0000 7407 | 49c7 c120 | 0100 004b | 8b34 0848 
  0x0000026c2f39d284: 8d76 014b | 8934 080f | 84f9 0200 | 0048 85d2 | 0f84 2900 

  0x0000026c2f39d298: ;   {metadata('org/eclipse/osgi/internal/log/ExtendedLogServiceImpl')}
  0x0000026c2f39d298: 0000 48bf | 4056 0944 | 6c02 0000 | 8b72 0849 | ba00 0000 | 436c 0200 | 0049 03f2 | 483b 7e38 
  0x0000026c2f39d2b8: 0f85 a418 | 0000 e900 | 0000 004c | 8bc2 483b | 024c 8bc2 

  0x0000026c2f39d2cc: ;   {metadata(method data for {method} {0x0000026c864e5400} 'trace' '(Ljava/lang/String;Ljava/lang/String;)V' in 'org/eclipse/osgi/internal/debug/Debug')}
  0x0000026c2f39d2cc: 49b9 8032 | 7a86 6c02 

  0x0000026c2f39d2d4: ;   {metadata('org/eclipse/osgi/internal/log/ExtendedLogServiceImpl')}
  0x0000026c2f39d2d4: 0000 49ba | 4056 0944 | 6c02 0000 | 4d89 9140 | 0100 0049 | 8381 4801 

  0x0000026c2f39d2ec: ;   {metadata(method data for {method} {0x0000026c8650ca90} 'getLogger' '(Ljava/lang/String;)Lorg/osgi/service/log/Logger;' in 'org/eclipse/osgi/internal/log/ExtendedLogServiceImpl')}
  0x0000026c2f39d2ec: 0000 0149 | b8c0 347a | 866c 0200 | 0045 8b88 | cc00 0000 | 4183 c102 | 4589 88cc | 0000 0041 
  0x0000026c2f39d30c: 81e1 feff | 1f00 4585 | c90f 8451 | 1800 004c 

  0x0000026c2f39d31c: ;   {metadata(method data for {method} {0x0000026c8650ca90} 'getLogger' '(Ljava/lang/String;)Lorg/osgi/service/log/Logger;' in 'org/eclipse/osgi/internal/log/ExtendedLogServiceImpl')}
  0x0000026c2f39d31c: 8bc2 49b9 | c034 7a86 | 6c02 0000 

  0x0000026c2f39d328: ;   {metadata('org/eclipse/osgi/internal/log/ExtendedLogServiceImpl')}
  0x0000026c2f39d328: 49ba 4056 | 0944 6c02 | 0000 4d89 | 9120 0100 | 0049 8381 | 2801 0000 

  0x0000026c2f39d340: ;   {metadata(method data for {method} {0x0000026c8650a318} 'getLogger' '(Ljava/lang/String;)Lorg/eclipse/equinox/log/Logger;' in 'org/eclipse/osgi/internal/log/ExtendedLogServiceImpl')}
  0x0000026c2f39d340: 0149 b850 | 367a 866c | 0200 0045 | 8b88 cc00 | 0000 4183 | c102 4589 | 88cc 0000 | 0041 81e1 
  0x0000026c2f39d360: feff 1f00 | 4585 c90f | 8420 1800 | 004c 8bc2 

  0x0000026c2f39d370: ;   {metadata(method data for {method} {0x0000026c8650a318} 'getLogger' '(Ljava/lang/String;)Lorg/eclipse/equinox/log/Logger;' in 'org/eclipse/osgi/internal/log/ExtendedLogServiceImpl')}
  0x0000026c2f39d370: 49b9 5036 | 7a86 6c02 

  0x0000026c2f39d378: ;   {metadata('org/eclipse/osgi/internal/log/ExtendedLogServiceImpl')}
  0x0000026c2f39d378: 0000 49ba | 4056 0944 | 6c02 0000 | 4d89 9120 | 0100 0049 | 8381 2801 | 0000 014c | 8b84 24d0 
  0x0000026c2f39d398: ;   {oop(a 'java/lang/Class'{0x00000000d72b0698} = 'org/osgi/service/log/Logger')}
  0x0000026c2f39d398: 0000 0049 | b998 062b | d700 0000 

  0x0000026c2f39d3a4: ;   {optimized virtual_call}
  0x0000026c2f39d3a4: 0066 90e8 

  0x0000026c2f39d3a8: ; ImmutableOopMap {[160]=Oop [168]=Oop [184]=Oop [208]=Oop [304]=Oop [320]=Oop }
                      ;*invokevirtual getLogger {reexecute=0 rethrow=0 return_oop=0}
                      ; - org.eclipse.osgi.internal.log.ExtendedLogServiceImpl::getLogger@4 (line 73)
                      ; - org.eclipse.osgi.internal.log.ExtendedLogServiceImpl::getLogger@2 (line 1)
                      ; - org.eclipse.osgi.internal.debug.Debug::trace@11 (line 265)
                      ; - org.eclipse.osgi.internal.loader.BundleLoader::findClass0@309 (line 519)
  0x0000026c2f39d3a8: d417 2407 

  0x0000026c2f39d3ac: ;   {other}
  0x0000026c2f39d3ac: 0f1f 8400 | 9c36 002a | 4885 c075 

  0x0000026c2f39d3b8: ;   {metadata(method data for {method} {0x0000026c8650a318} 'getLogger' '(Ljava/lang/String;)Lorg/eclipse/equinox/log/Logger;' in 'org/eclipse/osgi/internal/log/ExtendedLogServiceImpl')}
  0x0000026c2f39d3b8: 1648 be50 | 367a 866c | 0200 0080 | 8e41 0100 | 0001 e9e7 

  0x0000026c2f39d3cc: ;   {metadata('org/eclipse/equinox/log/Logger')}
  0x0000026c2f39d3cc: 0000 0048 | bff8 2909 | 446c 0200 | 008b 7008 | 49ba 0000 | 0043 6c02 | 0000 4903 | f248 3b7e 
  0x0000026c2f39d3ec: 200f 841a | 0000 0048 | 3bf7 0f84 | 1100 0000 

  0x0000026c2f39d3fc: ;   {runtime_call slow_subtype_check Runtime1 stub}
  0x0000026c2f39d3fc: 5657 e8fd | 442f 075e | 5e85 f60f | 848d 0000 

  0x0000026c2f39d40c: ;   {metadata(method data for {method} {0x0000026c8650a318} 'getLogger' '(Ljava/lang/String;)Lorg/eclipse/equinox/log/Logger;' in 'org/eclipse/osgi/internal/log/ExtendedLogServiceImpl')}
  0x0000026c2f39d40c: 0048 be50 | 367a 866c | 0200 008b | 7808 49ba | 0000 0043 | 6c02 0000 | 4903 fa48 | 3bbe 5801 
  0x0000026c2f39d42c: 0000 750d | 4883 8660 | 0100 0001 | e979 0000 | 0048 3bbe | 6801 0000 | 750d 4883 | 8670 0100 
  0x0000026c2f39d44c: 0001 e963 | 0000 0048 | 83be 5801 | 0000 0075 | 1748 89be | 5801 0000 | 48c7 8660 | 0100 0001 
  0x0000026c2f39d46c: 0000 00e9 | 4200 0000 | 4883 be68 | 0100 0000 | 7517 4889 | be68 0100 | 0048 c786 | 7001 0000 
  0x0000026c2f39d48c: 0100 0000 | e921 0000 | 00e9 1c00 

  0x0000026c2f39d498: ;   {metadata(method data for {method} {0x0000026c8650a318} 'getLogger' '(Ljava/lang/String;)Lorg/eclipse/equinox/log/Logger;' in 'org/eclipse/osgi/internal/log/ExtendedLogServiceImpl')}
  0x0000026c2f39d498: 0000 48be | 5036 7a86 | 6c02 0000 | 4883 ae48 | 0100 0001 | e9fd 1600 | 00e9 0000 | 0000 488b 
  0x0000026c2f39d4b8: d048 3b02 

  0x0000026c2f39d4bc: ;   {metadata(method data for {method} {0x0000026c864e5400} 'trace' '(Ljava/lang/String;Ljava/lang/String;)V' in 'org/eclipse/osgi/internal/debug/Debug')}
  0x0000026c2f39d4bc: 4c8b c248 | be80 327a | 866c 0200 | 0045 8b40 | 0849 ba00 | 0000 436c | 0200 004d | 03c2 4c3b 
  0x0000026c2f39d4dc: 8678 0100 | 0075 0d48 | 8386 8001 | 0000 01e9 | 6000 0000 | 4c3b 8688 | 0100 0075 | 0d48 8386 
  0x0000026c2f39d4fc: 9001 0000 | 01e9 4a00 | 0000 4883 | be78 0100 | 0000 7517 | 4c89 8678 | 0100 0048 | c786 8001 
  0x0000026c2f39d51c: 0000 0100 | 0000 e929 | 0000 0048 | 83be 8801 | 0000 0075 | 174c 8986 | 8801 0000 | 48c7 8690 
  0x0000026c2f39d53c: 0100 0001 | 0000 00e9 | 0800 0000 | 4883 8668 | 0100 0001 | 4c8b 8424 | 4001 0000 | 0f1f 4400 
  0x0000026c2f39d55c: 0048 b8ff | ffff ffff 

  0x0000026c2f39d564: ;   {virtual_call}
  0x0000026c2f39d564: ffff ffe8 

  0x0000026c2f39d568: ; ImmutableOopMap {[160]=Oop [168]=Oop [184]=Oop [208]=Oop [304]=Oop }
                      ;*invokeinterface debug {reexecute=0 rethrow=0 return_oop=0}
                      ; - org.eclipse.osgi.internal.debug.Debug::trace@17 (line 265)
                      ; - org.eclipse.osgi.internal.loader.BundleLoader::findClass0@309 (line 519)
  0x0000026c2f39d568: 141b 2407 

  0x0000026c2f39d56c: ;   {other}
  0x0000026c2f39d56c: 0f1f 8400 | 5c38 002b 

  0x0000026c2f39d574: ;   {metadata(method data for {method} {0x0000026c864e5400} 'trace' '(Ljava/lang/String;Ljava/lang/String;)V' in 'org/eclipse/osgi/internal/debug/Debug')}
  0x0000026c2f39d574: 49b8 8032 | 7a86 6c02 | 0000 41ff | 80a0 0100 | 00e9 5200 | 0000 488b | 8424 4001 

  0x0000026c2f39d590: ;   {oop(a 'java/lang/Class'{0x00000000d729fd18} = 'org/eclipse/osgi/internal/debug/Debug')}
  0x0000026c2f39d590: 0000 49b8 | 18fd 29d7 | 0000 0000 | 418b 90d0 | 0000 0048 | 3b02 4c8b 

  0x0000026c2f39d5a8: ;   {metadata(method data for {method} {0x0000026c864e5400} 'trace' '(Ljava/lang/String;Ljava/lang/String;)V' in 'org/eclipse/osgi/internal/debug/Debug')}
  0x0000026c2f39d5a8: c248 be80 | 327a 866c 

  0x0000026c2f39d5b0: ;   {metadata('java/io/PrintStream')}
  0x0000026c2f39d5b0: 0200 0049 | bac8 a300 | 436c 0200 | 004c 8996 | c801 0000 | 4883 86d0 | 0100 0001 

  0x0000026c2f39d5cc: ;   {optimized virtual_call}
  0x0000026c2f39d5cc: 4c8b c0e8 

  0x0000026c2f39d5d0: ; ImmutableOopMap {[160]=Oop [168]=Oop [184]=Oop [208]=Oop [304]=Oop }
                      ;*invokevirtual println {reexecute=0 rethrow=0 return_oop=0}
                      ; - org.eclipse.osgi.internal.debug.Debug::trace@29 (line 267)
                      ; - org.eclipse.osgi.internal.loader.BundleLoader::findClass0@309 (line 519)
  0x0000026c2f39d5d0: ac15 2407 

  0x0000026c2f39d5d4: ;   {other}
  0x0000026c2f39d5d4: 0f1f 8400 | c438 002c | 488b 8424 | 3001 0000 

  0x0000026c2f39d5e4: ; implicit exception: dispatches to 0x0000026c2f39ebc1
  0x0000026c2f39d5e4: 483b 004c 

  0x0000026c2f39d5e8: ;   {metadata(method data for {method} {0x0000026c8658c840} 'findClass0' '(Ljava/lang/String;ZZ)Ljava/lang/Class;' in 'org/eclipse/osgi/internal/loader/BundleLoader')}
  0x0000026c2f39d5e8: 8bc0 48ba | e05d 7b86 | 6c02 0000 | 458b 4008 | 49ba 0000 | 0043 6c02 | 0000 4d03 | c24c 3b82 
  0x0000026c2f39d608: f008 0000 | 750d 4883 | 82f8 0800 | 0001 e960 | 0000 004c | 3b82 0009 | 0000 750d | 4883 8208 
  0x0000026c2f39d628: 0900 0001 | e94a 0000 | 0048 83ba | f008 0000 | 0075 174c | 8982 f008 | 0000 48c7 | 82f8 0800 
  0x0000026c2f39d648: 0001 0000 | 00e9 2900 | 0000 4883 | ba00 0900 | 0000 7517 | 4c89 8200 | 0900 0048 | c782 0809 
  0x0000026c2f39d668: 0000 0100 | 0000 e908 | 0000 0048 | 8382 e008 | 0000 014c | 8b84 24a0 | 0000 0048 | 8bd0 0f1f 
  0x0000026c2f39d688: 8000 0000 | 0048 b8ff | ffff ffff 

  0x0000026c2f39d694: ;   {virtual_call}
  0x0000026c2f39d694: ffff ffe8 

  0x0000026c2f39d698: ; ImmutableOopMap {[160]=Oop [168]=Oop [184]=Oop [208]=Oop [304]=Oop }
                      ;*invokevirtual loadClass {reexecute=0 rethrow=0 return_oop=0}
                      ; - org.eclipse.osgi.internal.loader.BundleLoader::findClass0@315 (line 523)
  0x0000026c2f39d698: e419 2407 

  0x0000026c2f39d69c: ;   {other}
  0x0000026c2f39d69c: 0f1f 8400 | 8c39 002d | 488b f048 

  0x0000026c2f39d6a8: ;   {metadata(method data for {method} {0x0000026c8658c840} 'findClass0' '(Ljava/lang/String;ZZ)Ljava/lang/Class;' in 'org/eclipse/osgi/internal/loader/BundleLoader')}
  0x0000026c2f39d6a8: 85f6 49b8 | e05d 7b86 | 6c02 0000 | 48c7 c218 | 0900 0075 | 0748 c7c2 | 2809 0000 | 498b 3c10 
  0x0000026c2f39d6c8: 488d 7f01 | 4989 3c10 | 0f85 c900 | 0000 488b | 9424 a800 

  0x0000026c2f39d6dc: ;   {metadata(method data for {method} {0x0000026c8658c840} 'findClass0' '(Ljava/lang/String;ZZ)Ljava/lang/Class;' in 'org/eclipse/osgi/internal/loader/BundleLoader')}
  0x0000026c2f39d6dc: 0000 49b8 | e05d 7b86 | 6c02 0000 | 8b52 0849 | ba00 0000 | 436c 0200 | 0049 03d2 | 493b 9048 
  0x0000026c2f39d6fc: 0900 0075 | 0d49 8380 | 5009 0000 | 01e9 6000 | 0000 493b | 9058 0900 | 0075 0d49 | 8380 6009 
  0x0000026c2f39d71c: 0000 01e9 | 4a00 0000 | 4983 b848 | 0900 0000 | 7517 4989 | 9048 0900 | 0049 c780 | 5009 0000 
  0x0000026c2f39d73c: 0100 0000 | e929 0000 | 0049 83b8 | 5809 0000 | 0075 1749 | 8990 5809 | 0000 49c7 | 8060 0900 
  0x0000026c2f39d75c: 0001 0000 | 00e9 0800 | 0000 4983 | 8038 0900 | 0001 4c8b | 8424 a000 | 0000 488b | 9424 a800 
  0x0000026c2f39d77c: 0000 0f1f | 8000 0000 | 0048 b8ff | ffff ffff 

  0x0000026c2f39d78c: ;   {virtual_call}
  0x0000026c2f39d78c: ffff ffe8 

  0x0000026c2f39d790: ; ImmutableOopMap {[160]=Oop [168]=Oop [184]=Oop [208]=Oop [304]=Oop }
                      ;*invokevirtual findLocalClass {reexecute=0 rethrow=0 return_oop=0}
                      ; - org.eclipse.osgi.internal.loader.BundleLoader::findClass0@327 (line 527)
  0x0000026c2f39d790: 4cdc 2307 

  0x0000026c2f39d794: ;   {other}
  0x0000026c2f39d794: 0f1f 8400 | 843a 002e | 488b f048 

  0x0000026c2f39d7a0: ;   {metadata(method data for {method} {0x0000026c8658c840} 'findClass0' '(Ljava/lang/String;ZZ)Ljava/lang/Class;' in 'org/eclipse/osgi/internal/loader/BundleLoader')}
  0x0000026c2f39d7a0: 85f6 49b8 | e05d 7b86 | 6c02 0000 | 48c7 c280 | 0900 0075 | 0748 c7c2 | 7009 0000 | 498b 3c10 
  0x0000026c2f39d7c0: 488d 7f01 | 4989 3c10 | 0f85 3408 | 0000 488b | 8424 3001 | 0000 4885 

  0x0000026c2f39d7d8: ;   {metadata(method data for {method} {0x0000026c8658c840} 'findClass0' '(Ljava/lang/String;ZZ)Ljava/lang/Class;' in 'org/eclipse/osgi/internal/loader/BundleLoader')}
  0x0000026c2f39d7d8: c049 b8e0 | 5d7b 866c | 0200 0048 | c7c2 9009 | 0000 7507 | 48c7 c2a0 | 0900 0049 | 8b3c 1048 
  0x0000026c2f39d7f8: 8d7f 0149 | 893c 100f | 857e 0000 | 0048 89b4 | 2448 0100 | 0048 8bb4 | 24b8 0000 | 0048 8b94 
  0x0000026c2f39d818: 24a8 0000 

  0x0000026c2f39d81c: ;   {metadata(method data for {method} {0x0000026c8658c840} 'findClass0' '(Ljava/lang/String;ZZ)Ljava/lang/Class;' in 'org/eclipse/osgi/internal/loader/BundleLoader')}
  0x0000026c2f39d81c: 0049 b8e0 | 5d7b 866c | 0200 0049 | 8380 b009 | 0000 014c | 8bc6 488b | 9424 a800 | 0000 0f1f 
  0x0000026c2f39d83c: ;   {optimized virtual_call}
  0x0000026c2f39d83c: 4400 00e8 

  0x0000026c2f39d840: ; ImmutableOopMap {[160]=Oop [168]=Oop [208]=Oop [328]=Oop }
                      ;*invokespecial findDynamicSource {reexecute=0 rethrow=0 return_oop=0}
                      ; - org.eclipse.osgi.internal.loader.BundleLoader::findClass0@348 (line 533)
  0x0000026c2f39d840: 3c13 2407 

  0x0000026c2f39d844: ;   {other}
  0x0000026c2f39d844: 0f1f 8400 | 343b 002f 

  0x0000026c2f39d84c: ;   {metadata(method data for {method} {0x0000026c8658c840} 'findClass0' '(Ljava/lang/String;ZZ)Ljava/lang/Class;' in 'org/eclipse/osgi/internal/loader/BundleLoader')}
  0x0000026c2f39d84c: 4885 c049 | b8e0 5d7b | 866c 0200 | 0049 c7c1 | d009 0000 | 7507 49c7 | c1c0 0900 | 004b 8b14 
  0x0000026c2f39d86c: 0848 8d52 | 014b 8914 | 080f 8583 | 0100 0048 | 8bb4 2448 | 0100 0048 

  0x0000026c2f39d884: ;   {metadata(method data for {method} {0x0000026c8658c840} 'findClass0' '(Ljava/lang/String;ZZ)Ljava/lang/Class;' in 'org/eclipse/osgi/internal/loader/BundleLoader')}
  0x0000026c2f39d884: 85f6 49b8 | e05d 7b86 | 6c02 0000 | 49c7 c148 | 0a00 0075 | 0749 c7c1 | 580a 0000 | 4b8b 1408 
  0x0000026c2f39d8a4: 488d 5201 | 4b89 1408 | 0f85 7202 | 0000 4889 | b424 4801 | 0000 488b | 9424 a800 

  0x0000026c2f39d8c0: ;   {metadata(method data for {method} {0x0000026c8658c840} 'findClass0' '(Ljava/lang/String;ZZ)Ljava/lang/Class;' in 'org/eclipse/osgi/internal/loader/BundleLoader')}
  0x0000026c2f39d8c0: 0000 49b8 | e05d 7b86 | 6c02 0000 | 4983 8068 | 0a00 0001 | 4c8b 8424 | a000 0000 | 41b9 0200 
  0x0000026c2f39d8e0: 0000 488b | 9424 a800 | 0000 0f1f 

  0x0000026c2f39d8ec: ;   {optimized virtual_call}
  0x0000026c2f39d8ec: 4400 00e8 

  0x0000026c2f39d8f0: ; ImmutableOopMap {[160]=Oop [168]=Oop [208]=Oop [328]=Oop }
                      ;*invokespecial searchHooks {reexecute=0 rethrow=0 return_oop=0}
                      ; - org.eclipse.osgi.internal.loader.BundleLoader::findClass0@391 (line 544)
  0x0000026c2f39d8f0: 8c12 2407 

  0x0000026c2f39d8f4: ;   {other}
  0x0000026c2f39d8f4: 0f1f 8400 | e43b 0030 | 4885 c075 

  0x0000026c2f39d900: ;   {metadata(method data for {method} {0x0000026c8658c840} 'findClass0' '(Ljava/lang/String;ZZ)Ljava/lang/Class;' in 'org/eclipse/osgi/internal/loader/BundleLoader')}
  0x0000026c2f39d900: 1648 bee0 | 5d7b 866c | 0200 0080 | 8e71 0a00 | 0001 e9cc 

  0x0000026c2f39d914: ;   {metadata('java/lang/Class')}
  0x0000026c2f39d914: 0000 0048 | bf50 6b00 | 436c 0200 | 008b 5008 | 49ba 0000 | 0043 6c02 | 0000 4903 | d248 3bfa 
  0x0000026c2f39d934: 0f85 8d00 

  0x0000026c2f39d938: ;   {metadata(method data for {method} {0x0000026c8658c840} 'findClass0' '(Ljava/lang/String;ZZ)Ljava/lang/Class;' in 'org/eclipse/osgi/internal/loader/BundleLoader')}
  0x0000026c2f39d938: 0000 48be | e05d 7b86 | 6c02 0000 | 8b78 0849 | ba00 0000 | 436c 0200 | 0049 03fa | 483b be88 
  0x0000026c2f39d958: 0a00 0075 | 0d48 8386 | 900a 0000 | 01e9 7900 | 0000 483b | be98 0a00 | 0075 0d48 | 8386 a00a 
  0x0000026c2f39d978: 0000 01e9 | 6300 0000 | 4883 be88 | 0a00 0000 | 7517 4889 | be88 0a00 | 0048 c786 | 900a 0000 
  0x0000026c2f39d998: 0100 0000 | e942 0000 | 0048 83be | 980a 0000 | 0075 1748 | 89be 980a | 0000 48c7 | 86a0 0a00 
  0x0000026c2f39d9b8: 0001 0000 | 00e9 2100 | 0000 e91c 

  0x0000026c2f39d9c4: ;   {metadata(method data for {method} {0x0000026c8658c840} 'findClass0' '(Ljava/lang/String;ZZ)Ljava/lang/Class;' in 'org/eclipse/osgi/internal/loader/BundleLoader')}
  0x0000026c2f39d9c4: 0000 0048 | bee0 5d7b | 866c 0200 | 0048 83ae | 780a 0000 | 01e9 e811 | 0000 e900 | 0000 004c 
  0x0000026c2f39d9e4: ;   {metadata(method data for {method} {0x0000026c8658c840} 'findClass0' '(Ljava/lang/String;ZZ)Ljava/lang/Class;' in 'org/eclipse/osgi/internal/loader/BundleLoader')}
  0x0000026c2f39d9e4: 8bc0 48ba | e05d 7b86 | 6c02 0000 | ff82 b00a | 0000 498b | f0e9 2601 | 0000 483b | 004c 8bc0 
  0x0000026c2f39da04: ;   {metadata(method data for {method} {0x0000026c8658c840} 'findClass0' '(Ljava/lang/String;ZZ)Ljava/lang/Class;' in 'org/eclipse/osgi/internal/loader/BundleLoader')}
  0x0000026c2f39da04: 48ba e05d | 7b86 6c02 | 0000 458b | 4008 49ba | 0000 0043 | 6c02 0000 | 4d03 c24c | 3b82 f009 
  0x0000026c2f39da24: 0000 750d | 4883 82f8 | 0900 0001 | e960 0000 | 004c 3b82 | 000a 0000 | 750d 4883 | 8208 0a00 
  0x0000026c2f39da44: 0001 e94a | 0000 0048 | 83ba f009 | 0000 0075 | 174c 8982 | f009 0000 | 48c7 82f8 | 0900 0001 
  0x0000026c2f39da64: 0000 00e9 | 2900 0000 | 4883 ba00 | 0a00 0000 | 7517 4c89 | 8200 0a00 | 0048 c782 | 080a 0000 
  0x0000026c2f39da84: 0100 0000 | e908 0000 | 0048 8382 | e009 0000 | 014c 8b84 | 24a0 0000 | 0048 8bd0 | 0f1f 4400 
  0x0000026c2f39daa4: 0048 b8ff | ffff ffff 

  0x0000026c2f39daac: ;   {virtual_call}
  0x0000026c2f39daac: ffff ffe8 

  0x0000026c2f39dab0: ; ImmutableOopMap {[160]=Oop [168]=Oop [208]=Oop }
                      ;*invokevirtual loadClass {reexecute=0 rethrow=0 return_oop=0}
                      ; - org.eclipse.osgi.internal.loader.BundleLoader::findClass0@361 (line 535)
  0x0000026c2f39dab0: cc15 2407 

  0x0000026c2f39dab4: ;   {other}
  0x0000026c2f39dab4: 0f1f 8400 | a43d 0031 

  0x0000026c2f39dabc: ;   {metadata(method data for {method} {0x0000026c8658c840} 'findClass0' '(Ljava/lang/String;ZZ)Ljava/lang/Class;' in 'org/eclipse/osgi/internal/loader/BundleLoader')}
  0x0000026c2f39dabc: 4885 c049 | b8e0 5d7b | 866c 0200 | 0048 c7c2 | 180a 0000 | 7407 48c7 | c228 0a00 | 0049 8b34 
  0x0000026c2f39dadc: 1048 8d76 | 0149 8934 | 100f 84b6 | 0400 0048 | 81c4 7001 

  0x0000026c2f39daf0: ;   {poll_return}
  0x0000026c2f39daf0: 0000 5d49 | 3ba7 5004 | 0000 0f87 | d410 0000 | c349 8b87 | 0005 0000 | 4d33 d24d | 8997 0005 
  0x0000026c2f39db10: 0000 4d33 | d24d 8997 | 0805 0000 | 488b b424 | 4801 0000 

  0x0000026c2f39db24: ;   {metadata(method data for {method} {0x0000026c8658c840} 'findClass0' '(Ljava/lang/String;ZZ)Ljava/lang/Class;' in 'org/eclipse/osgi/internal/loader/BundleLoader')}
  0x0000026c2f39db24: 4885 f649 | b8e0 5d7b | 866c 0200 | 0048 c7c2 | c80a 0000 | 7507 48c7 | c2d8 0a00 | 0049 8b3c 
  0x0000026c2f39db44: 1048 8d7f | 0149 893c | 100f 8564 | 0000 0048 | 8b94 24a8 | 0000 008b | 7a1c 4885 

  0x0000026c2f39db60: ;   {metadata(method data for {method} {0x0000026c8658c840} 'findClass0' '(Ljava/lang/String;ZZ)Ljava/lang/Class;' in 'org/eclipse/osgi/internal/loader/BundleLoader')}
  0x0000026c2f39db60: ff49 b8e0 | 5d7b 866c | 0200 0048 | c7c3 e80a | 0000 7407 | 48c7 c3f8 | 0a00 0049 | 8b04 1848 
  0x0000026c2f39db80: 8d40 0149 | 8904 180f | 842a 0000 | 004c 8b84 | 24a0 0000 | 0048 8bd7 | 0f1f 4400 | 0048 b8ff 
  0x0000026c2f39dba0: ffff ffff 

  0x0000026c2f39dba4: ;   {virtual_call}
  0x0000026c2f39dba4: ffff ffe8 

  0x0000026c2f39dba8: ; ImmutableOopMap {[160]=Oop [168]=Oop [208]=Oop }
                      ;*invokevirtual doBuddyClassLoading {reexecute=0 rethrow=0 return_oop=0}
                      ; - org.eclipse.osgi.internal.loader.BundleLoader::findClass0@421 (line 550)
  0x0000026c2f39dba8: d414 2407 

  0x0000026c2f39dbac: ;   {other}
  0x0000026c2f39dbac: 0f1f 8400 | 9c3e 0032 | 488b f048 

  0x0000026c2f39dbb8: ;   {metadata(method data for {method} {0x0000026c8658c840} 'findClass0' '(Ljava/lang/String;ZZ)Ljava/lang/Class;' in 'org/eclipse/osgi/internal/loader/BundleLoader')}
  0x0000026c2f39dbb8: 85f6 48ba | e05d 7b86 | 6c02 0000 | 48c7 c750 | 0b00 0075 | 0748 c7c7 | 400b 0000 | 488b 1c3a 
  0x0000026c2f39dbd8: 488d 5b01 | 4889 1c3a | 0f85 8c03 | 0000 448b | 8c24 b000 | 0000 4585 

  0x0000026c2f39dbf0: ;   {metadata(method data for {method} {0x0000026c8658c840} 'findClass0' '(Ljava/lang/String;ZZ)Ljava/lang/Class;' in 'org/eclipse/osgi/internal/loader/BundleLoader')}
  0x0000026c2f39dbf0: c948 bae0 | 5d7b 866c | 0200 0048 | c7c6 700b | 0000 7507 | 48c7 c660 | 0b00 0048 | 8b3c 3248 
  0x0000026c2f39dc10: 8d7f 0148 | 893c 320f | 8524 0000 | 0048 8b9c | 24d0 0000 | 008b bc24 | b400 0000 | 4c8b 8424 
  0x0000026c2f39dc30: a000 0000 | 488b 9424 | a800 0000 | e95b 0600 | 0048 8b94 | 24a8 0000 | 008b 7248 

  0x0000026c2f39dc4c: ;   {metadata(method data for {method} {0x0000026c8658c840} 'findClass0' '(Ljava/lang/String;ZZ)Ljava/lang/Class;' in 'org/eclipse/osgi/internal/loader/BundleLoader')}
  0x0000026c2f39dc4c: 4885 f648 | bee0 5d7b | 866c 0200 | 0048 c7c7 | 900b 0000 | 7507 48c7 | c780 0b00 | 0048 8b1c 
  0x0000026c2f39dc6c: 3e48 8d5b | 0148 891c | 3e0f 851c | 0000 0048 | 8b9c 24d0 | 0000 008b | bc24 b400 | 0000 4c8b 
  0x0000026c2f39dc8c: 8424 a000 | 0000 e905 | 0600 008b | b424 e000 | 0000 85f6 

  0x0000026c2f39dca0: ;   {metadata(method data for {method} {0x0000026c8658c840} 'findClass0' '(Ljava/lang/String;ZZ)Ljava/lang/Class;' in 'org/eclipse/osgi/internal/loader/BundleLoader')}
  0x0000026c2f39dca0: 48be e05d | 7b86 6c02 | 0000 48c7 | c7b0 0b00 | 0074 0748 | c7c7 a00b | 0000 488b | 1c3e 488d 
  0x0000026c2f39dcc0: 5b01 4889 | 1c3e 0f84 | 1c00 0000 | 488b 9c24 | d000 0000 | 8bbc 24b4 | 0000 004c | 8b84 24a0 
  0x0000026c2f39dce0: 0000 00e9 | b405 0000 | 8b72 1448 | 3b06 488b 

  0x0000026c2f39dcf0: ;   {metadata(method data for {method} {0x0000026c8658c840} 'findClass0' '(Ljava/lang/String;ZZ)Ljava/lang/Class;' in 'org/eclipse/osgi/internal/loader/BundleLoader')}
  0x0000026c2f39dcf0: fe48 bbe0 | 5d7b 866c 

  0x0000026c2f39dcf8: ;   {metadata('org/eclipse/osgi/internal/framework/EquinoxContainer')}
  0x0000026c2f39dcf8: 0200 0049 | ba00 b008 | 446c 0200 | 004c 8993 | d00b 0000 | 4883 83d8 | 0b00 0001 | 8b76 140f 
  0x0000026c2f39dd18: be76 1e85 

  0x0000026c2f39dd1c: ;   {metadata(method data for {method} {0x0000026c8658c840} 'findClass0' '(Ljava/lang/String;ZZ)Ljava/lang/Class;' in 'org/eclipse/osgi/internal/loader/BundleLoader')}
  0x0000026c2f39dd1c: f648 bee0 | 5d7b 866c | 0200 0048 | c7c7 f80b | 0000 7507 | 48c7 c708 | 0c00 0048 | 8b1c 3e48 
  0x0000026c2f39dd3c: 8d5b 0148 | 891c 3e0f | 858a 0000 | 0048 8bf2 

  0x0000026c2f39dd4c: ;   {metadata(method data for {method} {0x0000026c8658c840} 'findClass0' '(Ljava/lang/String;ZZ)Ljava/lang/Class;' in 'org/eclipse/osgi/internal/loader/BundleLoader')}
  0x0000026c2f39dd4c: 48bf e05d | 7b86 6c02 | 0000 4883 | 8718 0c00 | 0001 488b | f248 8bd6 

  0x0000026c2f39dd64: ;   {optimized virtual_call}
  0x0000026c2f39dd64: 6666 90e8 

  0x0000026c2f39dd68: ; ImmutableOopMap {[160]=Oop [168]=Oop [208]=Oop }
                      ;*invokespecial isRequestFromVM {reexecute=0 rethrow=0 return_oop=0}
                      ; - org.eclipse.osgi.internal.loader.BundleLoader::findClass0@464 (line 556)
  0x0000026c2f39dd68: 140e 2407 

  0x0000026c2f39dd6c: ;   {other}
  0x0000026c2f39dd6c: 0f1f 8400 | 5c40 0033 

  0x0000026c2f39dd74: ;   {metadata(method data for {method} {0x0000026c8658c840} 'findClass0' '(Ljava/lang/String;ZZ)Ljava/lang/Class;' in 'org/eclipse/osgi/internal/loader/BundleLoader')}
  0x0000026c2f39dd74: 85c0 49b8 | e05d 7b86 | 6c02 0000 | 49c7 c128 | 0c00 0074 | 0749 c7c1 | 380c 0000 | 4b8b 1408 
  0x0000026c2f39dd94: 488d 5201 | 4b89 1408 | 0f84 0d00 | 0000 488b | 9424 a800 | 0000 e924 | 0000 0048 | 8b9c 24d0 
  0x0000026c2f39ddb4: 0000 008b | bc24 b400 | 0000 4c8b | 8424 a000 | 0000 488b | 9424 a800 | 0000 e9c9 | 0400 008b 
  0x0000026c2f39ddd4: 7248 483b | 064c 8bc6 

  0x0000026c2f39dddc: ;   {metadata(method data for {method} {0x0000026c8658c840} 'findClass0' '(Ljava/lang/String;ZZ)Ljava/lang/Class;' in 'org/eclipse/osgi/internal/loader/BundleLoader')}
  0x0000026c2f39dddc: 49b9 e05d | 7b86 6c02 | 0000 458b | 4008 49ba | 0000 0043 | 6c02 0000 | 4d03 c24d | 3b81 580c 
  0x0000026c2f39ddfc: 0000 750d | 4983 8160 | 0c00 0001 | e960 0000 | 004d 3b81 | 680c 0000 | 750d 4983 | 8170 0c00 
  0x0000026c2f39de1c: 0001 e94a | 0000 0049 | 83b9 580c | 0000 0075 | 174d 8981 | 580c 0000 | 49c7 8160 | 0c00 0001 
  0x0000026c2f39de3c: 0000 00e9 | 2900 0000 | 4983 b968 | 0c00 0000 | 7517 4d89 | 8168 0c00 | 0049 c781 | 700c 0000 
  0x0000026c2f39de5c: 0100 0000 | e908 0000 | 0049 8381 | 480c 0000 

  0x0000026c2f39de6c: ;   {metadata(method data for {method} {0x0000026c430143f0} 'loadClass' '(Ljava/lang/String;)Ljava/lang/Class;' in 'java/lang/ClassLoader')}
  0x0000026c2f39de6c: 0149 b8c8 | 862a 866c | 0200 0045 | 8b88 cc00 | 0000 4183 | c102 4589 | 88cc 0000 | 0041 81e1 
  0x0000026c2f39de8c: feff 1f00 | 4585 c90f | 8460 0d00 | 004c 8bc6 

  0x0000026c2f39de9c: ;   {metadata(method data for {method} {0x0000026c430143f0} 'loadClass' '(Ljava/lang/String;)Ljava/lang/Class;' in 'java/lang/ClassLoader')}
  0x0000026c2f39de9c: 49b9 c886 | 2a86 6c02 | 0000 458b | 4008 49ba | 0000 0043 | 6c02 0000 | 4d03 c24d | 3b81 2001 
  0x0000026c2f39debc: 0000 750d | 4983 8128 | 0100 0001 | e960 0000 | 004d 3b81 | 3001 0000 | 750d 4983 | 8138 0100 
  0x0000026c2f39dedc: 0001 e94a | 0000 0049 | 83b9 2001 | 0000 0075 | 174d 8981 | 2001 0000 | 49c7 8128 | 0100 0001 
  0x0000026c2f39defc: 0000 00e9 | 2900 0000 | 4983 b930 | 0100 0000 | 7517 4d89 | 8130 0100 | 0049 c781 | 3801 0000 
  0x0000026c2f39df1c: 0100 0000 | e908 0000 | 0049 8381 | 1001 0000 | 014c 8b84 | 24a0 0000 | 0041 b900 | 0000 0048 
  0x0000026c2f39df3c: 8bd6 0f1f | 8000 0000 | 0048 b8ff | ffff ffff 

  0x0000026c2f39df4c: ;   {virtual_call}
  0x0000026c2f39df4c: ffff ffe8 

  0x0000026c2f39df50: ; ImmutableOopMap {[160]=Oop [168]=Oop [208]=Oop }
                      ;*invokevirtual loadClass {reexecute=0 rethrow=0 return_oop=0}
                      ; - java.lang.ClassLoader::loadClass@3
                      ; - org.eclipse.osgi.internal.loader.BundleLoader::findClass0@475 (line 559)
  0x0000026c2f39df50: 2c11 2407 

  0x0000026c2f39df54: ;   {other}
  0x0000026c2f39df54: 0f1f 8400 | 4442 0034 | 4881 c470 | 0100 005d 

  0x0000026c2f39df64: ;   {poll_return}
  0x0000026c2f39df64: 493b a750 | 0400 000f | 87a9 0c00 | 00c3 488b | c648 81c4 | 7001 0000 

  0x0000026c2f39df7c: ;   {poll_return}
  0x0000026c2f39df7c: 5d49 3ba7 | 5004 0000 | 0f87 a60c | 0000 c348 | 81c4 7001 

  0x0000026c2f39df90: ;   {poll_return}
  0x0000026c2f39df90: 0000 5d49 | 3ba7 5004 | 0000 0f87 | a60c 0000 | c348 8b94 | 24a8 0000 

  0x0000026c2f39dfa8: ;   {metadata(method data for {method} {0x0000026c8658c840} 'findClass0' '(Ljava/lang/String;ZZ)Ljava/lang/Class;' in 'org/eclipse/osgi/internal/loader/BundleLoader')}
  0x0000026c2f39dfa8: 0049 b8e0 | 5d7b 866c | 0200 0049 | 8380 380a | 0000 014c | 8b84 24a0 | 0000 0044 | 8b8c 24b4 
  0x0000026c2f39dfc8: 0000 0048 | 8bbc 24d0 | 0000 0048 | 8b94 24a8 | 0000 000f 

  0x0000026c2f39dfdc: ;   {optimized virtual_call}
  0x0000026c2f39dfdc: 1f40 00e8 

  0x0000026c2f39dfe0: ; ImmutableOopMap {}
                      ;*invokespecial generateException {reexecute=0 rethrow=0 return_oop=0}
                      ; - org.eclipse.osgi.internal.loader.BundleLoader::findClass0@379 (line 538)
  0x0000026c2f39dfe0: 9c0b 2407 

  0x0000026c2f39dfe4: ;   {other}
  0x0000026c2f39dfe4: 0f1f 8400 | d442 0035 | 4881 c470 | 0100 005d 

  0x0000026c2f39dff4: ;   {poll_return}
  0x0000026c2f39dff4: 493b a750 | 0400 000f | 875b 0c00 | 00c3 488b | c648 81c4 | 7001 0000 

  0x0000026c2f39e00c: ;   {poll_return}
  0x0000026c2f39e00c: 5d49 3ba7 | 5004 0000 | 0f87 580c | 0000 c348 | 81c4 7001 

  0x0000026c2f39e020: ;   {poll_return}
  0x0000026c2f39e020: 0000 5d49 | 3ba7 5004 | 0000 0f87 | 580c 0000 | c348 8b94 | 24a8 0000 

  0x0000026c2f39e038: ;   {metadata(method data for {method} {0x0000026c8658c840} 'findClass0' '(Ljava/lang/String;ZZ)Ljava/lang/Class;' in 'org/eclipse/osgi/internal/loader/BundleLoader')}
  0x0000026c2f39e038: 0049 b8e0 | 5d7b 866c | 0200 0049 | 8380 5807 | 0000 014c | 8b84 24a0 | 0000 0044 | 8b8c 24b4 
  0x0000026c2f39e058: 0000 0048 | 8bbc 24d0 | 0000 0048 | 8b94 24a8 | 0000 000f 

  0x0000026c2f39e06c: ;   {optimized virtual_call}
  0x0000026c2f39e06c: 1f40 00e8 

  0x0000026c2f39e070: ; ImmutableOopMap {}
                      ;*invokespecial generateException {reexecute=0 rethrow=0 return_oop=0}
                      ; - org.eclipse.osgi.internal.loader.BundleLoader::findClass0@252 (line 513)
  0x0000026c2f39e070: 0c0b 2407 

  0x0000026c2f39e074: ;   {other}
  0x0000026c2f39e074: 0f1f 8400 | 6443 0036 | 4881 c470 | 0100 005d 

  0x0000026c2f39e084: ;   {poll_return}
  0x0000026c2f39e084: 493b a750 | 0400 000f | 870d 0c00 | 00c3 4881 | c470 0100 

  0x0000026c2f39e098: ;   {poll_return}
  0x0000026c2f39e098: 005d 493b | a750 0400 | 000f 870d | 0c00 00c3 | 4881 c470 | 0100 005d 

  0x0000026c2f39e0b0: ;   {poll_return}
  0x0000026c2f39e0b0: 493b a750 | 0400 000f | 870d 0c00 | 00c3 488b | 9424 a800 | 0000 8b52 | 4848 3b02 

  0x0000026c2f39e0cc: ;   {metadata(method data for {method} {0x0000026c8658c840} 'findClass0' '(Ljava/lang/String;ZZ)Ljava/lang/Class;' in 'org/eclipse/osgi/internal/loader/BundleLoader')}
  0x0000026c2f39e0cc: 4c8b c249 | b9e0 5d7b | 866c 0200 | 0045 8b40 | 0849 ba00 | 0000 436c | 0200 004d | 03c2 4d3b 
  0x0000026c2f39e0ec: 81b8 0100 | 0075 0d49 | 8381 c001 | 0000 01e9 | 6000 0000 | 4d3b 81c8 | 0100 0075 | 0d49 8381 
  0x0000026c2f39e10c: d001 0000 | 01e9 4a00 | 0000 4983 | b9b8 0100 | 0000 7517 | 4d89 81b8 | 0100 0049 | c781 c001 
  0x0000026c2f39e12c: 0000 0100 | 0000 e929 | 0000 0049 | 83b9 c801 | 0000 0075 | 174d 8981 | c801 0000 | 49c7 81d0 
  0x0000026c2f39e14c: 0100 0001 | 0000 00e9 | 0800 0000 | 4983 81a8 | 0100 0001 

  0x0000026c2f39e160: ;   {metadata(method data for {method} {0x0000026c430143f0} 'loadClass' '(Ljava/lang/String;)Ljava/lang/Class;' in 'java/lang/ClassLoader')}
  0x0000026c2f39e160: 49b8 c886 | 2a86 6c02 | 0000 458b | 88cc 0000 | 0041 83c1 | 0245 8988 | cc00 0000 | 4181 e1fe 
  0x0000026c2f39e180: ff1f 0045 | 85c9 0f84 | 590b 0000 

  0x0000026c2f39e18c: ;   {metadata(method data for {method} {0x0000026c430143f0} 'loadClass' '(Ljava/lang/String;)Ljava/lang/Class;' in 'java/lang/ClassLoader')}
  0x0000026c2f39e18c: 4c8b c249 | b9c8 862a | 866c 0200 | 0045 8b40 | 0849 ba00 | 0000 436c | 0200 004d | 03c2 4d3b 
  0x0000026c2f39e1ac: 8120 0100 | 0075 0d49 | 8381 2801 | 0000 01e9 | 6000 0000 | 4d3b 8130 | 0100 0075 | 0d49 8381 
  0x0000026c2f39e1cc: 3801 0000 | 01e9 4a00 | 0000 4983 | b920 0100 | 0000 7517 | 4d89 8120 | 0100 0049 | c781 2801 
  0x0000026c2f39e1ec: 0000 0100 | 0000 e929 | 0000 0049 | 83b9 3001 | 0000 0075 | 174d 8981 | 3001 0000 | 49c7 8138 
  0x0000026c2f39e20c: 0100 0001 | 0000 00e9 | 0800 0000 | 4983 8110 | 0100 0001 | 4c8b 8424 | a000 0000 | 41b9 0000 
  0x0000026c2f39e22c: 0000 0f1f | 8000 0000 | 0048 b8f8 | 8206 436c 

  0x0000026c2f39e23c: ;   {virtual_call}
  0x0000026c2f39e23c: 0200 00e8 

  0x0000026c2f39e240: ; ImmutableOopMap {}
                      ;*invokevirtual loadClass {reexecute=0 rethrow=0 return_oop=0}
                      ; - java.lang.ClassLoader::loadClass@3
                      ; - org.eclipse.osgi.internal.loader.BundleLoader::findClass0@25 (line 470)
  0x0000026c2f39e240: 9ce9 e6ff 

  0x0000026c2f39e244: ;   {other}
  0x0000026c2f39e244: 0f1f 8400 | 3445 0037 | 4881 c470 | 0100 005d 

  0x0000026c2f39e254: ;   {poll_return}
  0x0000026c2f39e254: 493b a750 | 0400 000f | 87a5 0a00 | 00c3 488b | 9424 a800 | 0000 498b | 8700 0500 | 004d 33d2 
  0x0000026c2f39e274: 4d89 9700 | 0500 004d | 33d2 4d89 | 9708 0500 | 0048 8b9c | 24d0 0000 | 008b bc24 | b400 0000 
  0x0000026c2f39e294: 4c8b 8424 | a000 0000 

  0x0000026c2f39e29c: ;   {metadata(method data for {method} {0x0000026c8658c840} 'findClass0' '(Ljava/lang/String;ZZ)Ljava/lang/Class;' in 'org/eclipse/osgi/internal/loader/BundleLoader')}
  0x0000026c2f39e29c: 4c8b ca48 | bee0 5d7b | 866c 0200 | 0048 8386 | 800c 0000 | 014c 8bcf 

  0x0000026c2f39e2b4: ;   {optimized virtual_call}
  0x0000026c2f39e2b4: 488b fbe8 

  0x0000026c2f39e2b8: ; ImmutableOopMap {}
                      ;*invokespecial generateException {reexecute=0 rethrow=0 return_oop=0}
                      ; - org.eclipse.osgi.internal.loader.BundleLoader::findClass0@486 (line 564)
  0x0000026c2f39e2b8: c408 2407 

  0x0000026c2f39e2bc: ;   {other}
  0x0000026c2f39e2bc: 0f1f 8400 | ac45 0038 | 4881 c470 | 0100 005d 

  0x0000026c2f39e2cc: ;   {poll_return}
  0x0000026c2f39e2cc: 493b a750 | 0400 000f | 8743 0a00 | 00c3 498b | 8700 0500 | 004d 33d2 | 4d89 9700 | 0500 004d 
  0x0000026c2f39e2ec: 33d2 4d89 | 9708 0500 | 0048 8bf0 | 488d 8424 | 5001 0000 | 488b 3848 | 85ff 0f84 | 0f00 0000 
  0x0000026c2f39e30c: 488b 5808 | f048 0fb1 | 3b0f 8517 | 0a00 0049 | ff8f 5005 | 0000 488b | c6e9 510a | 0000 498b 
  0x0000026c2f39e32c: 8700 0500 | 004d 33d2 | 4d89 9700 | 0500 004d | 33d2 4d89 | 9708 0500 | 0048 8bf0 | 488d 8424 
  0x0000026c2f39e34c: 5001 0000 | 488b 3848 | 85ff 0f84 | 0f00 0000 | 488b 5808 | f048 0fb1 | 3b0f 85dd | 0900 0049 
  0x0000026c2f39e36c: ff8f 5005 | 0000 488b | c6e9 010a 

  0x0000026c2f39e378: ;   {metadata({method} {0x0000026c8658c840} 'findClass0' '(Ljava/lang/String;ZZ)Ljava/lang/Class;' in 'org/eclipse/osgi/internal/loader/BundleLoader')}
  0x0000026c2f39e378: 0000 49ba | 38c8 5886 | 6c02 0000 | 4c89 5424 | 0848 c704 | 24ff ffff 

  0x0000026c2f39e390: ;   {runtime_call counter_overflow Runtime1 stub}
  0x0000026c2f39e390: ffe8 ea65 

  0x0000026c2f39e394: ; ImmutableOopMap {rdx=Oop r8=Oop [160]=Oop [168]=Oop }
                      ;*synchronization entry
                      ; - org.eclipse.osgi.internal.loader.BundleLoader::findClass0@-1 (line 466)
  0x0000026c2f39e394: 2f07 e9c3 

  0x0000026c2f39e398: ;   {runtime_call throw_null_pointer_exception Runtime1 stub}
  0x0000026c2f39e398: c2ff ffe8 

  0x0000026c2f39e39c: ; ImmutableOopMap {r8=Oop [160]=Oop [168]=Oop }
                      ;*invokevirtual startsWith {reexecute=0 rethrow=0 return_oop=0}
                      ; - org.eclipse.osgi.internal.loader.BundleLoader::findClass0@14 (line 466)
  0x0000026c2f39e39c: 8003 2f07 

  0x0000026c2f39e3a0: ;   {metadata({method} {0x0000026c43453e38} 'startsWith' '(Ljava/lang/String;)Z' in 'java/lang/String')}
  0x0000026c2f39e3a0: 49ba 303e | 4543 6c02 | 0000 4c89 | 5424 0848 | c704 24ff 

  0x0000026c2f39e3b4: ;   {runtime_call counter_overflow Runtime1 stub}
  0x0000026c2f39e3b4: ffff ffe8 

  0x0000026c2f39e3b8: ; ImmutableOopMap {r8=Oop [160]=Oop [168]=Oop }
                      ;*synchronization entry
                      ; - java.lang.String::startsWith@-1
                      ; - org.eclipse.osgi.internal.loader.BundleLoader::findClass0@14 (line 466)
  0x0000026c2f39e3b8: c465 2f07 | e950 c3ff 

  0x0000026c2f39e3c0: ;   {metadata({method} {0x0000026c8658abc8} 'getPackageName' '(Ljava/lang/String;)Ljava/lang/String;' in 'org/eclipse/osgi/internal/loader/BundleLoader')}
  0x0000026c2f39e3c0: ff49 bac0 | ab58 866c | 0200 004c | 8954 2408 | 48c7 0424 | ffff ffff 

  0x0000026c2f39e3d8: ;   {runtime_call counter_overflow Runtime1 stub}
  0x0000026c2f39e3d8: e8a3 652f 

  0x0000026c2f39e3dc: ; ImmutableOopMap {r8=Oop [160]=Oop [168]=Oop }
                      ;*synchronization entry
                      ; - org.eclipse.osgi.internal.loader.BundleLoader::getPackageName@-1 (line 142)
                      ; - org.eclipse.osgi.internal.loader.BundleLoader::findClass0@30 (line 473)
  0x0000026c2f39e3dc: 07e9 e1c3 

  0x0000026c2f39e3e0: ;   {runtime_call throw_null_pointer_exception Runtime1 stub}
  0x0000026c2f39e3e0: ffff e839 

  0x0000026c2f39e3e4: ; ImmutableOopMap {r8=Oop [160]=Oop [168]=Oop }
                      ;*invokevirtual lastIndexOf {reexecute=0 rethrow=0 return_oop=0}
                      ; - org.eclipse.osgi.internal.loader.BundleLoader::getPackageName@7 (line 143)
                      ; - org.eclipse.osgi.internal.loader.BundleLoader::findClass0@30 (line 473)
                      ;   {metadata({method} {0x0000026c43453d30} 'lastIndexOf' '(I)I' in 'java/lang/String')}
  0x0000026c2f39e3e4: 032f 0749 | ba28 3d45 | 436c 0200 | 004c 8954 | 2408 48c7 | 0424 ffff 

  0x0000026c2f39e3fc: ;   {runtime_call counter_overflow Runtime1 stub}
  0x0000026c2f39e3fc: ffff e87d 

  0x0000026c2f39e400: ; ImmutableOopMap {r8=Oop [160]=Oop [168]=Oop }
                      ;*synchronization entry
                      ; - java.lang.String::lastIndexOf@-1
                      ; - org.eclipse.osgi.internal.loader.BundleLoader::getPackageName@7 (line 143)
                      ; - org.eclipse.osgi.internal.loader.BundleLoader::findClass0@30 (line 473)
  0x0000026c2f39e400: 652f 07e9 | 2ec4 ffff 

  0x0000026c2f39e408: ;   {metadata({method} {0x0000026c4300ee90} 'length' '()I' in 'java/lang/String')}
  0x0000026c2f39e408: 49ba 88ee | 0043 6c02 | 0000 4c89 | 5424 0848 | c704 24ff 

  0x0000026c2f39e41c: ;   {runtime_call counter_overflow Runtime1 stub}
  0x0000026c2f39e41c: ffff ffe8 

  0x0000026c2f39e420: ; ImmutableOopMap {r8=Oop [160]=Oop [168]=Oop }
                      ;*synchronization entry
                      ; - java.lang.String::length@-1
                      ; - java.lang.String::lastIndexOf@3
                      ; - org.eclipse.osgi.internal.loader.BundleLoader::getPackageName@7 (line 143)
                      ; - org.eclipse.osgi.internal.loader.BundleLoader::findClass0@30 (line 473)
  0x0000026c2f39e420: 5c65 2f07 | e94e c4ff 

  0x0000026c2f39e428: ;   {runtime_call throw_null_pointer_exception Runtime1 stub}
  0x0000026c2f39e428: ffe8 f202 

  0x0000026c2f39e42c: ; ImmutableOopMap {r8=Oop [160]=Oop [168]=Oop }
                      ;*arraylength {reexecute=0 rethrow=0 return_oop=0}
                      ; - java.lang.String::length@4
                      ; - java.lang.String::lastIndexOf@3
                      ; - org.eclipse.osgi.internal.loader.BundleLoader::getPackageName@7 (line 143)
                      ; - org.eclipse.osgi.internal.loader.BundleLoader::findClass0@30 (line 473)
                      ;   {metadata({method} {0x0000026c43455018} 'coder' '()B' in 'java/lang/String')}
  0x0000026c2f39e42c: 2f07 49ba | 1050 4543 | 6c02 0000 | 4c89 5424 | 0848 c704 | 24ff ffff 

  0x0000026c2f39e444: ;   {runtime_call counter_overflow Runtime1 stub}
  0x0000026c2f39e444: ffe8 3665 

  0x0000026c2f39e448: ; ImmutableOopMap {r8=Oop [160]=Oop [168]=Oop }
                      ;*synchronization entry
                      ; - java.lang.String::coder@-1
                      ; - java.lang.String::length@6
                      ; - java.lang.String::lastIndexOf@3
                      ; - org.eclipse.osgi.internal.loader.BundleLoader::getPackageName@7 (line 143)
                      ; - org.eclipse.osgi.internal.loader.BundleLoader::findClass0@30 (line 473)
  0x0000026c2f39e448: 2f07 e96c 

  0x0000026c2f39e44c: ;   {runtime_call throw_null_pointer_exception Runtime1 stub}
  0x0000026c2f39e44c: c4ff ffe8 

  0x0000026c2f39e450: ; ImmutableOopMap {rsi=Oop rdx=Oop r8=Oop [160]=Oop [168]=Oop }
                      ;*invokevirtual loaderWithPackage {reexecute=0 rethrow=0 return_oop=0}
                      ; - org.eclipse.osgi.internal.loader.BundleLoader::findClass0@41 (line 474)
  0x0000026c2f39e450: cc02 2f07 

  0x0000026c2f39e454: ;   {metadata({method} {0x0000026c864e54e8} 'loaderWithPackage' '(Ljava/lang/String;)Ljava/lang/String;' in 'org/eclipse/osgi/internal/debug/Debug')}
  0x0000026c2f39e454: 49ba e054 | 4e86 6c02 | 0000 4c89 | 5424 0848 | c704 24ff 

  0x0000026c2f39e468: ;   {runtime_call counter_overflow Runtime1 stub}
  0x0000026c2f39e468: ffff ffe8 

  0x0000026c2f39e46c: ; ImmutableOopMap {rsi=Oop rdx=Oop r8=Oop [160]=Oop [168]=Oop }
                      ;*synchronization entry
                      ; - org.eclipse.osgi.internal.debug.Debug::loaderWithPackage@-1 (line 272)
                      ; - org.eclipse.osgi.internal.loader.BundleLoader::findClass0@41 (line 474)
  0x0000026c2f39e46c: 1065 2f07 | e97e c5ff 

  0x0000026c2f39e474: ;   {runtime_call throw_null_pointer_exception Runtime1 stub}
  0x0000026c2f39e474: ffe8 a602 

  0x0000026c2f39e478: ; ImmutableOopMap {rsi=Oop rdi=Oop [160]=Oop [168]=Oop }
                      ;*invokeinterface contains {reexecute=0 rethrow=0 return_oop=0}
                      ; - org.eclipse.osgi.internal.debug.Debug::loaderWithPackage@22 (line 275)
                      ; - org.eclipse.osgi.internal.loader.BundleLoader::findClass0@41 (line 474)
                      ;   {metadata(nullptr)}
  0x0000026c2f39e478: 2f07 48ba | 0000 0000 | 0000 0000 | b800 0f05 

  0x0000026c2f39e488: ;   {runtime_call load_klass_patching Runtime1 stub}
  0x0000026c2f39e488: 0ae8 724e 

  0x0000026c2f39e48c: ; ImmutableOopMap {r9=Oop [160]=Oop [168]=Oop [184]=Oop [200]=Oop [208]=Oop }
                      ;*new {reexecute=1 rethrow=0 return_oop=0}
                      ; - (reexecute) org.eclipse.osgi.internal.loader.BundleLoader::findClass0@57 (line 476)
  0x0000026c2f39e48c: 2f07 e945 | c7ff ff48 

  0x0000026c2f39e494: ;   {runtime_call fast_new_instance Runtime1 stub}
  0x0000026c2f39e494: 8bd2 e865 

  0x0000026c2f39e498: ; ImmutableOopMap {r9=Oop [160]=Oop [168]=Oop [184]=Oop [200]=Oop [208]=Oop }
                      ;*new {reexecute=0 rethrow=0 return_oop=0}
                      ; - org.eclipse.osgi.internal.loader.BundleLoader::findClass0@57 (line 476)
  0x0000026c2f39e498: 0d2f 07e9 | 88c7 ffff 

  0x0000026c2f39e4a0: ;   {metadata({method} {0x0000026c43461da8} '<init>' '(Ljava/lang/String;)V' in 'java/lang/StringBuilder')}
  0x0000026c2f39e4a0: 49ba a01d | 4643 6c02 | 0000 4c89 | 5424 0848 | c704 24ff 

  0x0000026c2f39e4b4: ;   {runtime_call counter_overflow Runtime1 stub}
  0x0000026c2f39e4b4: ffff ffe8 

  0x0000026c2f39e4b8: ; ImmutableOopMap {r9=Oop rax=Oop [160]=Oop [168]=Oop [184]=Oop [192]=Oop [200]=Oop [208]=Oop }
                      ;*synchronization entry
                      ; - java.lang.StringBuilder::<init>@-1
                      ; - org.eclipse.osgi.internal.loader.BundleLoader::findClass0@64 (line 476)
  0x0000026c2f39e4b8: c464 2f07 | e9ad c7ff 

  0x0000026c2f39e4c0: ;   {metadata({method} {0x0000026c43461b40} 'append' '(Ljava/lang/Object;)Ljava/lang/StringBuilder;' in 'java/lang/StringBuilder')}
  0x0000026c2f39e4c0: ff49 ba38 | 1b46 436c | 0200 004c | 8954 2408 | 48c7 0424 | ffff ffff 

  0x0000026c2f39e4d8: ;   {runtime_call counter_overflow Runtime1 stub}
  0x0000026c2f39e4d8: e8a3 642f 

  0x0000026c2f39e4dc: ; ImmutableOopMap {[160]=Oop [168]=Oop [184]=Oop [192]=Oop [200]=Oop [208]=Oop }
                      ;*synchronization entry
                      ; - java.lang.StringBuilder::append@-1
                      ; - org.eclipse.osgi.internal.loader.BundleLoader::findClass0@68 (line 476)
  0x0000026c2f39e4dc: 07e9 03c8 

  0x0000026c2f39e4e0: ;   {metadata({method} {0x0000026c43455280} 'valueOf' '(Ljava/lang/Object;)Ljava/lang/String;' in 'java/lang/String')}
  0x0000026c2f39e4e0: ffff 49ba | 7852 4543 | 6c02 0000 | 4c89 5424 | 0848 c704 | 24ff ffff 

  0x0000026c2f39e4f8: ;   {runtime_call counter_overflow Runtime1 stub}
  0x0000026c2f39e4f8: ffe8 8264 

  0x0000026c2f39e4fc: ; ImmutableOopMap {[160]=Oop [168]=Oop [184]=Oop [192]=Oop [200]=Oop [208]=Oop }
                      ;*synchronization entry
                      ; - java.lang.String::valueOf@-1
                      ; - java.lang.StringBuilder::append@2
                      ; - org.eclipse.osgi.internal.loader.BundleLoader::findClass0@68 (line 476)
  0x0000026c2f39e4fc: 2f07 e91b 

  0x0000026c2f39e500: ;   {metadata({method} {0x0000026c43461ae8} 'append' '(Ljava/lang/String;)Ljava/lang/StringBuilder;' in 'java/lang/StringBuilder')}
  0x0000026c2f39e500: c8ff ff49 | bae0 1a46 | 436c 0200 | 004c 8954 | 2408 48c7 | 0424 ffff 

  0x0000026c2f39e518: ;   {runtime_call counter_overflow Runtime1 stub}
  0x0000026c2f39e518: ffff e861 

  0x0000026c2f39e51c: ; ImmutableOopMap {rax=Oop [160]=Oop [168]=Oop [184]=Oop [192]=Oop [200]=Oop [208]=Oop }
                      ;*synchronization entry
                      ; - java.lang.StringBuilder::append@-1
                      ; - java.lang.StringBuilder::append@5
                      ; - org.eclipse.osgi.internal.loader.BundleLoader::findClass0@68 (line 476)
  0x0000026c2f39e51c: 642f 07e9 | fbc8 ffff 

  0x0000026c2f39e524: ;   {metadata({method} {0x0000026c43461ae8} 'append' '(Ljava/lang/String;)Ljava/lang/StringBuilder;' in 'java/lang/StringBuilder')}
  0x0000026c2f39e524: 49ba e01a | 4643 6c02 | 0000 4c89 | 5424 0848 | c704 24ff 

  0x0000026c2f39e538: ;   {runtime_call counter_overflow Runtime1 stub}
  0x0000026c2f39e538: ffff ffe8 

  0x0000026c2f39e53c: ; ImmutableOopMap {rax=Oop [160]=Oop [168]=Oop [184]=Oop [192]=Oop [200]=Oop [208]=Oop }
                      ;*synchronization entry
                      ; - java.lang.StringBuilder::append@-1
                      ; - org.eclipse.osgi.internal.loader.BundleLoader::findClass0@74 (line 476)
  0x0000026c2f39e53c: 4064 2f07 | e955 c9ff 

  0x0000026c2f39e544: ;   {metadata({method} {0x0000026c43461ae8} 'append' '(Ljava/lang/String;)Ljava/lang/StringBuilder;' in 'java/lang/StringBuilder')}
  0x0000026c2f39e544: ff49 bae0 | 1a46 436c | 0200 004c | 8954 2408 | 48c7 0424 | ffff ffff 

  0x0000026c2f39e55c: ;   {runtime_call counter_overflow Runtime1 stub}
  0x0000026c2f39e55c: e81f 642f 

  0x0000026c2f39e560: ; ImmutableOopMap {[160]=Oop [168]=Oop [184]=Oop [192]=Oop [200]=Oop [208]=Oop }
                      ;*synchronization entry
                      ; - java.lang.StringBuilder::append@-1
                      ; - org.eclipse.osgi.internal.loader.BundleLoader::findClass0@78 (line 476)
  0x0000026c2f39e560: 07e9 a9c9 

  0x0000026c2f39e564: ;   {metadata({method} {0x0000026c43461ae8} 'append' '(Ljava/lang/String;)Ljava/lang/StringBuilder;' in 'java/lang/StringBuilder')}
  0x0000026c2f39e564: ffff 49ba | e01a 4643 | 6c02 0000 | 4c89 5424 | 0848 c704 | 24ff ffff 

  0x0000026c2f39e57c: ;   {runtime_call counter_overflow Runtime1 stub}
  0x0000026c2f39e57c: ffe8 fe63 

  0x0000026c2f39e580: ; ImmutableOopMap {[160]=Oop [168]=Oop [184]=Oop [192]=Oop [200]=Oop [208]=Oop }
                      ;*synchronization entry
                      ; - java.lang.StringBuilder::append@-1
                      ; - org.eclipse.osgi.internal.loader.BundleLoader::findClass0@84 (line 476)
  0x0000026c2f39e580: 2f07 e908 

  0x0000026c2f39e584: ;   {metadata({method} {0x0000026c43008958} 'toString' '()Ljava/lang/String;' in 'java/lang/StringBuilder')}
  0x0000026c2f39e584: caff ff49 | ba50 8900 | 436c 0200 | 004c 8954 | 2408 48c7 | 0424 ffff 

  0x0000026c2f39e59c: ;   {runtime_call counter_overflow Runtime1 stub}
  0x0000026c2f39e59c: ffff e8dd 

  0x0000026c2f39e5a0: ; ImmutableOopMap {[160]=Oop [168]=Oop [184]=Oop [192]=Oop [200]=Oop [208]=Oop }
                      ;*synchronization entry
                      ; - java.lang.StringBuilder::toString@-1
                      ; - org.eclipse.osgi.internal.loader.BundleLoader::findClass0@87 (line 476)
  0x0000026c2f39e5a0: 632f 07e9 | 65ca ffff 

  0x0000026c2f39e5a8: ;   {runtime_call fast_new_instance Runtime1 stub}
  0x0000026c2f39e5a8: 488b d2e8 

  0x0000026c2f39e5ac: ; ImmutableOopMap {[160]=Oop [168]=Oop [184]=Oop [192]=Oop [200]=Oop [208]=Oop }
                      ;*new {reexecute=0 rethrow=0 return_oop=0}
                      ; - java.lang.StringBuilder::toString@0
                      ; - org.eclipse.osgi.internal.loader.BundleLoader::findClass0@87 (line 476)
  0x0000026c2f39e5ac: 500c 2f07 | e9a8 caff 

  0x0000026c2f39e5b4: ;   {metadata({method} {0x0000026c43455dd8} '<init>' '(Ljava/lang/StringBuilder;)V' in 'java/lang/String')}
  0x0000026c2f39e5b4: ff49 bad0 | 5d45 436c | 0200 004c | 8954 2408 | 48c7 0424 | ffff ffff 

  0x0000026c2f39e5cc: ;   {runtime_call counter_overflow Runtime1 stub}
  0x0000026c2f39e5cc: e8af 632f 

  0x0000026c2f39e5d0: ; ImmutableOopMap {rax=Oop [160]=Oop [168]=Oop [184]=Oop [192]=Oop [200]=Oop [208]=Oop }
                      ;*synchronization entry
                      ; - java.lang.String::<init>@-1
                      ; - java.lang.StringBuilder::toString@5
                      ; - org.eclipse.osgi.internal.loader.BundleLoader::findClass0@87 (line 476)
  0x0000026c2f39e5d0: 07e9 c8ca 

  0x0000026c2f39e5d4: ;   {runtime_call throw_null_pointer_exception Runtime1 stub}
  0x0000026c2f39e5d4: ffff e845 

  0x0000026c2f39e5d8: ; ImmutableOopMap {r9=Oop [160]=Oop [168]=Oop [184]=Oop [200]=Oop [208]=Oop [216]=Oop }
                      ;*invokevirtual trace {reexecute=0 rethrow=0 return_oop=0}
                      ; - org.eclipse.osgi.internal.loader.BundleLoader::findClass0@90 (line 476)
                      ;   {metadata({method} {0x0000026c864e5400} 'trace' '(Ljava/lang/String;Ljava/lang/String;)V' in 'org/eclipse/osgi/internal/debug/Debug')}
  0x0000026c2f39e5d8: 012f 0749 | baf8 534e | 866c 0200 | 004c 8954 | 2408 48c7 | 0424 ffff 

  0x0000026c2f39e5f0: ;   {runtime_call counter_overflow Runtime1 stub}
  0x0000026c2f39e5f0: ffff e889 

  0x0000026c2f39e5f4: ; ImmutableOopMap {r9=Oop [160]=Oop [168]=Oop [184]=Oop [200]=Oop [208]=Oop [216]=Oop }
                      ;*synchronization entry
                      ; - org.eclipse.osgi.internal.debug.Debug::trace@-1 (line 256)
                      ; - org.eclipse.osgi.internal.loader.BundleLoader::findClass0@90 (line 476)
  0x0000026c2f39e5f4: 632f 07e9 | 42cb ffff 

  0x0000026c2f39e5fc: ;   {runtime_call throw_incompatible_class_change_error Runtime1 stub}
  0x0000026c2f39e5fc: e81f 302f 

  0x0000026c2f39e600: ; ImmutableOopMap {rdx=Oop [160]=Oop [168]=Oop [184]=Oop [208]=Oop [216]=Oop }
                      ;*invokeinterface getLogger {reexecute=0 rethrow=0 return_oop=0}
                      ; - org.eclipse.osgi.internal.debug.Debug::trace@11 (line 265)
                      ; - org.eclipse.osgi.internal.loader.BundleLoader::findClass0@90 (line 476)
                      ;   {runtime_call throw_null_pointer_exception Runtime1 stub}
  0x0000026c2f39e600: 07e8 1a01 

  0x0000026c2f39e604: ; ImmutableOopMap {rdx=Oop [160]=Oop [168]=Oop [184]=Oop [208]=Oop [216]=Oop }
                      ;*invokeinterface getLogger {reexecute=0 rethrow=0 return_oop=0}
                      ; - org.eclipse.osgi.internal.debug.Debug::trace@11 (line 265)
                      ; - org.eclipse.osgi.internal.loader.BundleLoader::findClass0@90 (line 476)
                      ;   {metadata({method} {0x0000026c8650ca90} 'getLogger' '(Ljava/lang/String;)Lorg/osgi/service/log/Logger;' in 'org/eclipse/osgi/internal/log/ExtendedLogServiceImpl')}
  0x0000026c2f39e604: 2f07 49ba | 88ca 5086 | 6c02 0000 | 4c89 5424 | 0848 c704 | 24ff ffff 

  0x0000026c2f39e61c: ;   {runtime_call counter_overflow Runtime1 stub}
  0x0000026c2f39e61c: ffe8 5e63 

  0x0000026c2f39e620: ; ImmutableOopMap {rdx=Oop [160]=Oop [168]=Oop [184]=Oop [208]=Oop [216]=Oop }
                      ;*synchronization entry
                      ; - org.eclipse.osgi.internal.log.ExtendedLogServiceImpl::getLogger@-1 (line 1)
                      ; - org.eclipse.osgi.internal.debug.Debug::trace@11 (line 265)
                      ; - org.eclipse.osgi.internal.loader.BundleLoader::findClass0@90 (line 476)
  0x0000026c2f39e620: 2f07 e9d4 

  0x0000026c2f39e624: ;   {metadata({method} {0x0000026c8650a318} 'getLogger' '(Ljava/lang/String;)Lorg/eclipse/equinox/log/Logger;' in 'org/eclipse/osgi/internal/log/ExtendedLogServiceImpl')}
  0x0000026c2f39e624: cbff ff49 | ba10 a350 | 866c 0200 | 004c 8954 | 2408 48c7 | 0424 ffff 

  0x0000026c2f39e63c: ;   {runtime_call counter_overflow Runtime1 stub}
  0x0000026c2f39e63c: ffff e83d 

  0x0000026c2f39e640: ; ImmutableOopMap {rdx=Oop [160]=Oop [168]=Oop [184]=Oop [208]=Oop [216]=Oop }
                      ;*synchronization entry
                      ; - org.eclipse.osgi.internal.log.ExtendedLogServiceImpl::getLogger@-1 (line 73)
                      ; - org.eclipse.osgi.internal.log.ExtendedLogServiceImpl::getLogger@2 (line 1)
                      ; - org.eclipse.osgi.internal.debug.Debug::trace@11 (line 265)
                      ; - org.eclipse.osgi.internal.loader.BundleLoader::findClass0@90 (line 476)
  0x0000026c2f39e640: 632f 07e9 | 05cc ffff | 4889 0424 

  0x0000026c2f39e64c: ;   {runtime_call throw_class_cast_exception Runtime1 stub}
  0x0000026c2f39e64c: e8cf 2c2f 

  0x0000026c2f39e650: ; ImmutableOopMap {[160]=Oop [168]=Oop [184]=Oop [208]=Oop [216]=Oop }
                      ;*checkcast {reexecute=0 rethrow=0 return_oop=0}
                      ; - org.eclipse.osgi.internal.log.ExtendedLogServiceImpl::getLogger@7 (line 73)
                      ; - org.eclipse.osgi.internal.log.ExtendedLogServiceImpl::getLogger@2 (line 1)
                      ; - org.eclipse.osgi.internal.debug.Debug::trace@11 (line 265)
                      ; - org.eclipse.osgi.internal.loader.BundleLoader::findClass0@90 (line 476)
                      ;   {runtime_call throw_null_pointer_exception Runtime1 stub}
  0x0000026c2f39e650: 07e8 ca00 

  0x0000026c2f39e654: ; ImmutableOopMap {rdx=Oop [160]=Oop [168]=Oop [184]=Oop [208]=Oop [216]=Oop }
                      ;*invokeinterface debug {reexecute=0 rethrow=0 return_oop=0}
                      ; - org.eclipse.osgi.internal.debug.Debug::trace@17 (line 265)
                      ; - org.eclipse.osgi.internal.loader.BundleLoader::findClass0@90 (line 476)
                      ;   {runtime_call throw_null_pointer_exception Runtime1 stub}
  0x0000026c2f39e654: 2f07 e8c5 

  0x0000026c2f39e658: ; ImmutableOopMap {rax=Oop rdx=Oop [160]=Oop [168]=Oop [184]=Oop [208]=Oop }
                      ;*invokevirtual println {reexecute=0 rethrow=0 return_oop=0}
                      ; - org.eclipse.osgi.internal.debug.Debug::trace@29 (line 267)
                      ; - org.eclipse.osgi.internal.loader.BundleLoader::findClass0@90 (line 476)
                      ;   {runtime_call throw_null_pointer_exception Runtime1 stub}
  0x0000026c2f39e658: 002f 07e8 

  0x0000026c2f39e65c: ; ImmutableOopMap {rdx=Oop rsi=Oop [160]=Oop [168]=Oop [184]=Oop [208]=Oop }
                      ;*invokevirtual isBootDelegationPackage {reexecute=0 rethrow=0 return_oop=0}
                      ; - org.eclipse.osgi.internal.loader.BundleLoader::findClass0@113 (line 480)
  0x0000026c2f39e65c: c000 2f07 

  0x0000026c2f39e660: ;   {runtime_call throw_null_pointer_exception Runtime1 stub}
  0x0000026c2f39e660: e8bb 002f 

  0x0000026c2f39e664: ; ImmutableOopMap {rdx=Oop rsi=Oop [160]=Oop [168]=Oop [184]=Oop [208]=Oop }
                      ;*invokevirtual loadClass {reexecute=0 rethrow=0 return_oop=0}
                      ; - org.eclipse.osgi.internal.loader.BundleLoader::findClass0@124 (line 484)
                      ;   {metadata({method} {0x0000026c430143f0} 'loadClass' '(Ljava/lang/String;)Ljava/lang/Class;' in 'java/lang/ClassLoader')}
  0x0000026c2f39e664: 0749 bae8 | 4301 436c | 0200 004c | 8954 2408 | 48c7 0424 | ffff ffff 

  0x0000026c2f39e67c: ;   {runtime_call counter_overflow Runtime1 stub}
  0x0000026c2f39e67c: e8ff 622f 

  0x0000026c2f39e680: ; ImmutableOopMap {rdx=Oop rsi=Oop [160]=Oop [168]=Oop [184]=Oop [208]=Oop }
                      ;*synchronization entry
                      ; - java.lang.ClassLoader::loadClass@-1
                      ; - org.eclipse.osgi.internal.loader.BundleLoader::findClass0@124 (line 484)
  0x0000026c2f39e680: 07e9 0cd0 

  0x0000026c2f39e684: ;   {internal_word}
  0x0000026c2f39e684: ffff 49ba | 5cb7 392f | 6c02 0000 | 4d89 9768 

  0x0000026c2f39e694: ;   {runtime_call SafepointBlob}
  0x0000026c2f39e694: 0400 00e9 | e474 2407 | 4889 0424 

  0x0000026c2f39e6a0: ;   {runtime_call throw_class_cast_exception Runtime1 stub}
  0x0000026c2f39e6a0: e87b 2c2f 

  0x0000026c2f39e6a4: ; ImmutableOopMap {[160]=Oop [168]=Oop [184]=Oop [208]=Oop }
                      ;*checkcast {reexecute=0 rethrow=0 return_oop=0}
                      ; - org.eclipse.osgi.internal.loader.BundleLoader::findClass0@142 (line 492)
                      ;   {metadata({method} {0x0000026c8658f5e0} 'findImportedSource' '(Ljava/lang/String;Ljava/util/Collection;)Lorg/eclipse/osgi/internal/loader/sources/PackageSource;' in 'org/eclipse/osgi/internal/loader/BundleLoader')}
  0x0000026c2f39e6a4: 0749 bad8 | f558 866c | 0200 004c | 8954 2408 | 48c7 0424 | ffff ffff 

  0x0000026c2f39e6bc: ;   {runtime_call counter_overflow Runtime1 stub}
  0x0000026c2f39e6bc: e8bf 622f 

  0x0000026c2f39e6c0: ; ImmutableOopMap {[160]=Oop [168]=Oop [184]=Oop [208]=Oop [232]=Oop }
                      ;*synchronization entry
                      ; - org.eclipse.osgi.internal.loader.BundleLoader::findImportedSource@-1 (line 1251)
                      ; - org.eclipse.osgi.internal.loader.BundleLoader::findClass0@164 (line 499)
  0x0000026c2f39e6c0: 07e9 abd2 

  0x0000026c2f39e6c4: ;   {runtime_call throw_null_pointer_exception Runtime1 stub}
  0x0000026c2f39e6c4: ffff e855 

  0x0000026c2f39e6c8: ; ImmutableOopMap {rsi=Oop [160]=Oop [168]=Oop [184]=Oop [208]=Oop [232]=Oop }
                      ;*monitorenter {reexecute=0 rethrow=0 return_oop=0}
                      ; - org.eclipse.osgi.internal.loader.BundleLoader::findImportedSource@10 (line 1252)
                      ; - org.eclipse.osgi.internal.loader.BundleLoader::findClass0@164 (line 499)
  0x0000026c2f39e6c8: 002f 0748 | 8974 2408 | 4c89 0424 

  0x0000026c2f39e6d4: ;   {runtime_call monitorenter_nofpu Runtime1 stub}
  0x0000026c2f39e6d4: e8a7 382f 

  0x0000026c2f39e6d8: ; ImmutableOopMap {rsi=Oop [160]=Oop [168]=Oop [184]=Oop [208]=Oop [232]=Oop [344]=Oop }
                      ;*monitorenter {reexecute=0 rethrow=0 return_oop=0}
                      ; - org.eclipse.osgi.internal.loader.BundleLoader::findImportedSource@10 (line 1252)
                      ; - org.eclipse.osgi.internal.loader.BundleLoader::findClass0@164 (line 499)
  0x0000026c2f39e6d8: 07e9 0bd3 | ffff 4889 

  0x0000026c2f39e6e0: ;   {runtime_call throw_class_cast_exception Runtime1 stub}
  0x0000026c2f39e6e0: 0424 e839 

  0x0000026c2f39e6e4: ; ImmutableOopMap {[160]=Oop [168]=Oop [184]=Oop [208]=Oop [232]=Oop [240]=Oop [344]=Oop }
                      ;*checkcast {reexecute=0 rethrow=0 return_oop=0}
                      ; - org.eclipse.osgi.internal.loader.BundleLoader::findImportedSource@18 (line 1253)
                      ; - org.eclipse.osgi.internal.loader.BundleLoader::findClass0@164 (line 499)
  0x0000026c2f39e6e4: 2c2f 0748 | 8d84 2450 | 0100 0048 

  0x0000026c2f39e6f0: ;   {runtime_call monitorexit_nofpu Runtime1 stub}
  0x0000026c2f39e6f0: 8904 24e8 | 083f 2f07 | e9cc d4ff 

  0x0000026c2f39e6fc: ;   {metadata(nullptr)}
  0x0000026c2f39e6fc: ff48 ba00 | 0000 0000 | 0000 00b8 | 000f 050a 

  0x0000026c2f39e70c: ;   {runtime_call load_klass_patching Runtime1 stub}
  0x0000026c2f39e70c: e8ef 4b2f 

  0x0000026c2f39e710: ; ImmutableOopMap {r11=Oop [160]=Oop [168]=Oop [208]=Oop [256]=Oop [264]=Oop }
                      ;*new {reexecute=1 rethrow=0 return_oop=0}
                      ; - (reexecute) org.eclipse.osgi.internal.loader.BundleLoader::findClass0@185 (line 502)
  0x0000026c2f39e710: 07e9 3ad5 | ffff 488b 

  0x0000026c2f39e718: ;   {runtime_call fast_new_instance Runtime1 stub}
  0x0000026c2f39e718: d2e8 e20a 

  0x0000026c2f39e71c: ; ImmutableOopMap {r11=Oop [160]=Oop [168]=Oop [208]=Oop [256]=Oop [264]=Oop }
                      ;*new {reexecute=0 rethrow=0 return_oop=0}
                      ; - org.eclipse.osgi.internal.loader.BundleLoader::findClass0@185 (line 502)
  0x0000026c2f39e71c: 2f07 e97d 

  0x0000026c2f39e720: ;   {metadata({method} {0x0000026c43461da8} '<init>' '(Ljava/lang/String;)V' in 'java/lang/StringBuilder')}
  0x0000026c2f39e720: d5ff ff49 | baa0 1d46 | 436c 0200 | 004c 8954 | 2408 48c7 | 0424 ffff 

  0x0000026c2f39e738: ;   {runtime_call counter_overflow Runtime1 stub}
  0x0000026c2f39e738: ffff e841 

  0x0000026c2f39e73c: ; ImmutableOopMap {r11=Oop rax=Oop [160]=Oop [168]=Oop [208]=Oop [256]=Oop [264]=Oop }
                      ;*synchronization entry
                      ; - java.lang.StringBuilder::<init>@-1
                      ; - org.eclipse.osgi.internal.loader.BundleLoader::findClass0@192 (line 502)
  0x0000026c2f39e73c: 622f 07e9 | 9ad5 ffff 

  0x0000026c2f39e744: ;   {metadata({method} {0x0000026c43461b40} 'append' '(Ljava/lang/Object;)Ljava/lang/StringBuilder;' in 'java/lang/StringBuilder')}
  0x0000026c2f39e744: 49ba 381b | 4643 6c02 | 0000 4c89 | 5424 0848 | c704 24ff 

  0x0000026c2f39e758: ;   {runtime_call counter_overflow Runtime1 stub}
  0x0000026c2f39e758: ffff ffe8 

  0x0000026c2f39e75c: ; ImmutableOopMap {[160]=Oop [168]=Oop [208]=Oop [248]=Oop [256]=Oop [264]=Oop }
                      ;*synchronization entry
                      ; - java.lang.StringBuilder::append@-1
                      ; - org.eclipse.osgi.internal.loader.BundleLoader::findClass0@196 (line 502)
  0x0000026c2f39e75c: 2062 2f07 | e9f8 d5ff 

  0x0000026c2f39e764: ;   {metadata({method} {0x0000026c43455280} 'valueOf' '(Ljava/lang/Object;)Ljava/lang/String;' in 'java/lang/String')}
  0x0000026c2f39e764: ff49 ba78 | 5245 436c | 0200 004c | 8954 2408 | 48c7 0424 | ffff ffff 

  0x0000026c2f39e77c: ;   {runtime_call counter_overflow Runtime1 stub}
  0x0000026c2f39e77c: e8ff 612f 

  0x0000026c2f39e780: ; ImmutableOopMap {[160]=Oop [168]=Oop [208]=Oop [248]=Oop [256]=Oop [264]=Oop }
                      ;*synchronization entry
                      ; - java.lang.String::valueOf@-1
                      ; - java.lang.StringBuilder::append@2
                      ; - org.eclipse.osgi.internal.loader.BundleLoader::findClass0@196 (line 502)
  0x0000026c2f39e780: 07e9 10d6 

  0x0000026c2f39e784: ;   {metadata({method} {0x0000026c43461ae8} 'append' '(Ljava/lang/String;)Ljava/lang/StringBuilder;' in 'java/lang/StringBuilder')}
  0x0000026c2f39e784: ffff 49ba | e01a 4643 | 6c02 0000 | 4c89 5424 | 0848 c704 | 24ff ffff 

  0x0000026c2f39e79c: ;   {runtime_call counter_overflow Runtime1 stub}
  0x0000026c2f39e79c: ffe8 de61 

  0x0000026c2f39e7a0: ; ImmutableOopMap {rax=Oop [160]=Oop [168]=Oop [208]=Oop [248]=Oop [256]=Oop [264]=Oop }
                      ;*synchronization entry
                      ; - java.lang.StringBuilder::append@-1
                      ; - java.lang.StringBuilder::append@5
                      ; - org.eclipse.osgi.internal.loader.BundleLoader::findClass0@196 (line 502)
  0x0000026c2f39e7a0: 2f07 e9f0 

  0x0000026c2f39e7a4: ;   {metadata({method} {0x0000026c43461ae8} 'append' '(Ljava/lang/String;)Ljava/lang/StringBuilder;' in 'java/lang/StringBuilder')}
  0x0000026c2f39e7a4: d6ff ff49 | bae0 1a46 | 436c 0200 | 004c 8954 | 2408 48c7 | 0424 ffff 

  0x0000026c2f39e7bc: ;   {runtime_call counter_overflow Runtime1 stub}
  0x0000026c2f39e7bc: ffff e8bd 

  0x0000026c2f39e7c0: ; ImmutableOopMap {[160]=Oop [168]=Oop [208]=Oop [248]=Oop [256]=Oop [264]=Oop }
                      ;*synchronization entry
                      ; - java.lang.StringBuilder::append@-1
                      ; - org.eclipse.osgi.internal.loader.BundleLoader::findClass0@202 (line 502)
  0x0000026c2f39e7c0: 612f 07e9 | 47d7 ffff 

  0x0000026c2f39e7c8: ;   {metadata({method} {0x0000026c43461b40} 'append' '(Ljava/lang/Object;)Ljava/lang/StringBuilder;' in 'java/lang/StringBuilder')}
  0x0000026c2f39e7c8: 49ba 381b | 4643 6c02 | 0000 4c89 | 5424 0848 | c704 24ff 

  0x0000026c2f39e7dc: ;   {runtime_call counter_overflow Runtime1 stub}
  0x0000026c2f39e7dc: ffff ffe8 

  0x0000026c2f39e7e0: ; ImmutableOopMap {[160]=Oop [168]=Oop [208]=Oop [248]=Oop [256]=Oop [264]=Oop }
                      ;*synchronization entry
                      ; - java.lang.StringBuilder::append@-1
                      ; - org.eclipse.osgi.internal.loader.BundleLoader::findClass0@207 (line 502)
  0x0000026c2f39e7e0: 9c61 2f07 | e9a4 d7ff 

  0x0000026c2f39e7e8: ;   {metadata({method} {0x0000026c43455280} 'valueOf' '(Ljava/lang/Object;)Ljava/lang/String;' in 'java/lang/String')}
  0x0000026c2f39e7e8: ff49 ba78 | 5245 436c | 0200 004c | 8954 2408 | 48c7 0424 | ffff ffff 

  0x0000026c2f39e800: ;   {runtime_call counter_overflow Runtime1 stub}
  0x0000026c2f39e800: e87b 612f 

  0x0000026c2f39e804: ; ImmutableOopMap {[160]=Oop [168]=Oop [208]=Oop [248]=Oop [256]=Oop [264]=Oop }
                      ;*synchronization entry
                      ; - java.lang.String::valueOf@-1
                      ; - java.lang.StringBuilder::append@2
                      ; - org.eclipse.osgi.internal.loader.BundleLoader::findClass0@207 (line 502)
  0x0000026c2f39e804: 07e9 bcd7 

  0x0000026c2f39e808: ;   {runtime_call throw_null_pointer_exception Runtime1 stub}
  0x0000026c2f39e808: ffff e811 

  0x0000026c2f39e80c: ; ImmutableOopMap {rbx=Oop [160]=Oop [168]=Oop [208]=Oop [248]=Oop [256]=Oop [264]=Oop }
                      ;*invokevirtual toString {reexecute=0 rethrow=0 return_oop=0}
                      ; - java.lang.String::valueOf@11
                      ; - java.lang.StringBuilder::append@2
                      ; - org.eclipse.osgi.internal.loader.BundleLoader::findClass0@207 (line 502)
                      ;   {metadata({method} {0x0000026c43461ae8} 'append' '(Ljava/lang/String;)Ljava/lang/StringBuilder;' in 'java/lang/StringBuilder')}
  0x0000026c2f39e80c: ff2e 0749 | bae0 1a46 | 436c 0200 | 004c 8954 | 2408 48c7 | 0424 ffff 

  0x0000026c2f39e824: ;   {runtime_call counter_overflow Runtime1 stub}
  0x0000026c2f39e824: ffff e855 

  0x0000026c2f39e828: ; ImmutableOopMap {rsi=Oop [160]=Oop [168]=Oop [208]=Oop [248]=Oop [256]=Oop [264]=Oop }
                      ;*synchronization entry
                      ; - java.lang.StringBuilder::append@-1
                      ; - java.lang.StringBuilder::append@5
                      ; - org.eclipse.osgi.internal.loader.BundleLoader::findClass0@207 (line 502)
  0x0000026c2f39e828: 612f 07e9 | dad8 ffff 

  0x0000026c2f39e830: ;   {metadata({method} {0x0000026c43008958} 'toString' '()Ljava/lang/String;' in 'java/lang/StringBuilder')}
  0x0000026c2f39e830: 49ba 5089 | 0043 6c02 | 0000 4c89 | 5424 0848 | c704 24ff 

  0x0000026c2f39e844: ;   {runtime_call counter_overflow Runtime1 stub}
  0x0000026c2f39e844: ffff ffe8 

  0x0000026c2f39e848: ; ImmutableOopMap {r8=Oop [160]=Oop [168]=Oop [208]=Oop [256]=Oop [264]=Oop }
                      ;*synchronization entry
                      ; - java.lang.StringBuilder::toString@-1
                      ; - org.eclipse.osgi.internal.loader.BundleLoader::findClass0@210 (line 502)
  0x0000026c2f39e848: 3461 2f07 | e92f d9ff | ff48 8bd2 

  0x0000026c2f39e854: ;   {runtime_call fast_new_instance Runtime1 stub}
  0x0000026c2f39e854: e8a7 092f 

  0x0000026c2f39e858: ; ImmutableOopMap {r8=Oop [160]=Oop [168]=Oop [208]=Oop [256]=Oop [264]=Oop }
                      ;*new {reexecute=0 rethrow=0 return_oop=0}
                      ; - java.lang.StringBuilder::toString@0
                      ; - org.eclipse.osgi.internal.loader.BundleLoader::findClass0@210 (line 502)
  0x0000026c2f39e858: 07e9 72d9 

  0x0000026c2f39e85c: ;   {metadata({method} {0x0000026c43455dd8} '<init>' '(Ljava/lang/StringBuilder;)V' in 'java/lang/String')}
  0x0000026c2f39e85c: ffff 49ba | d05d 4543 | 6c02 0000 | 4c89 5424 | 0848 c704 | 24ff ffff 

  0x0000026c2f39e874: ;   {runtime_call counter_overflow Runtime1 stub}
  0x0000026c2f39e874: ffe8 0661 

  0x0000026c2f39e878: ; ImmutableOopMap {r8=Oop rax=Oop [160]=Oop [168]=Oop [208]=Oop [256]=Oop [264]=Oop }
                      ;*synchronization entry
                      ; - java.lang.String::<init>@-1
                      ; - java.lang.StringBuilder::toString@5
                      ; - org.eclipse.osgi.internal.loader.BundleLoader::findClass0@210 (line 502)
  0x0000026c2f39e878: 2f07 e98f 

  0x0000026c2f39e87c: ;   {runtime_call throw_null_pointer_exception Runtime1 stub}
  0x0000026c2f39e87c: d9ff ffe8 

  0x0000026c2f39e880: ; ImmutableOopMap {r11=Oop [160]=Oop [168]=Oop [208]=Oop [256]=Oop [264]=Oop [272]=Oop }
                      ;*invokevirtual trace {reexecute=0 rethrow=0 return_oop=0}
                      ; - org.eclipse.osgi.internal.loader.BundleLoader::findClass0@213 (line 502)
  0x0000026c2f39e880: 9cfe 2e07 

  0x0000026c2f39e884: ;   {metadata({method} {0x0000026c864e5400} 'trace' '(Ljava/lang/String;Ljava/lang/String;)V' in 'org/eclipse/osgi/internal/debug/Debug')}
  0x0000026c2f39e884: 49ba f853 | 4e86 6c02 | 0000 4c89 | 5424 0848 | c704 24ff 

  0x0000026c2f39e898: ;   {runtime_call counter_overflow Runtime1 stub}
  0x0000026c2f39e898: ffff ffe8 

  0x0000026c2f39e89c: ; ImmutableOopMap {r11=Oop [160]=Oop [168]=Oop [208]=Oop [256]=Oop [264]=Oop [272]=Oop }
                      ;*synchronization entry
                      ; - org.eclipse.osgi.internal.debug.Debug::trace@-1 (line 256)
                      ; - org.eclipse.osgi.internal.loader.BundleLoader::findClass0@213 (line 502)
  0x0000026c2f39e89c: e060 2f07 | e904 daff 

  0x0000026c2f39e8a4: ;   {runtime_call throw_incompatible_class_change_error Runtime1 stub}
  0x0000026c2f39e8a4: ffe8 762d 

  0x0000026c2f39e8a8: ; ImmutableOopMap {rdx=Oop [160]=Oop [168]=Oop [208]=Oop [256]=Oop [272]=Oop }
                      ;*invokeinterface getLogger {reexecute=0 rethrow=0 return_oop=0}
                      ; - org.eclipse.osgi.internal.debug.Debug::trace@11 (line 265)
                      ; - org.eclipse.osgi.internal.loader.BundleLoader::findClass0@213 (line 502)
                      ;   {runtime_call throw_null_pointer_exception Runtime1 stub}
  0x0000026c2f39e8a8: 2f07 e871 

  0x0000026c2f39e8ac: ; ImmutableOopMap {rdx=Oop [160]=Oop [168]=Oop [208]=Oop [256]=Oop [272]=Oop }
                      ;*invokeinterface getLogger {reexecute=0 rethrow=0 return_oop=0}
                      ; - org.eclipse.osgi.internal.debug.Debug::trace@11 (line 265)
                      ; - org.eclipse.osgi.internal.loader.BundleLoader::findClass0@213 (line 502)
                      ;   {metadata({method} {0x0000026c8650ca90} 'getLogger' '(Ljava/lang/String;)Lorg/osgi/service/log/Logger;' in 'org/eclipse/osgi/internal/log/ExtendedLogServiceImpl')}
  0x0000026c2f39e8ac: fe2e 0749 | ba88 ca50 | 866c 0200 | 004c 8954 | 2408 48c7 | 0424 ffff 

  0x0000026c2f39e8c4: ;   {runtime_call counter_overflow Runtime1 stub}
  0x0000026c2f39e8c4: ffff e8b5 

  0x0000026c2f39e8c8: ; ImmutableOopMap {rdx=Oop [160]=Oop [168]=Oop [208]=Oop [256]=Oop [272]=Oop }
                      ;*synchronization entry
                      ; - org.eclipse.osgi.internal.log.ExtendedLogServiceImpl::getLogger@-1 (line 1)
                      ; - org.eclipse.osgi.internal.debug.Debug::trace@11 (line 265)
                      ; - org.eclipse.osgi.internal.loader.BundleLoader::findClass0@213 (line 502)
  0x0000026c2f39e8c8: 602f 07e9 | 96da ffff 

  0x0000026c2f39e8d0: ;   {metadata({method} {0x0000026c8650a318} 'getLogger' '(Ljava/lang/String;)Lorg/eclipse/equinox/log/Logger;' in 'org/eclipse/osgi/internal/log/ExtendedLogServiceImpl')}
  0x0000026c2f39e8d0: 49ba 10a3 | 5086 6c02 | 0000 4c89 | 5424 0848 | c704 24ff 

  0x0000026c2f39e8e4: ;   {runtime_call counter_overflow Runtime1 stub}
  0x0000026c2f39e8e4: ffff ffe8 

  0x0000026c2f39e8e8: ; ImmutableOopMap {rdx=Oop [160]=Oop [168]=Oop [208]=Oop [256]=Oop [272]=Oop }
                      ;*synchronization entry
                      ; - org.eclipse.osgi.internal.log.ExtendedLogServiceImpl::getLogger@-1 (line 73)
                      ; - org.eclipse.osgi.internal.log.ExtendedLogServiceImpl::getLogger@2 (line 1)
                      ; - org.eclipse.osgi.internal.debug.Debug::trace@11 (line 265)
                      ; - org.eclipse.osgi.internal.loader.BundleLoader::findClass0@213 (line 502)
  0x0000026c2f39e8e8: 9460 2f07 | e9c7 daff | ff48 8904 

  0x0000026c2f39e8f4: ;   {runtime_call throw_class_cast_exception Runtime1 stub}
  0x0000026c2f39e8f4: 24e8 262a 

  0x0000026c2f39e8f8: ; ImmutableOopMap {[160]=Oop [168]=Oop [208]=Oop [256]=Oop [272]=Oop }
                      ;*checkcast {reexecute=0 rethrow=0 return_oop=0}
                      ; - org.eclipse.osgi.internal.log.ExtendedLogServiceImpl::getLogger@7 (line 73)
                      ; - org.eclipse.osgi.internal.log.ExtendedLogServiceImpl::getLogger@2 (line 1)
                      ; - org.eclipse.osgi.internal.debug.Debug::trace@11 (line 265)
                      ; - org.eclipse.osgi.internal.loader.BundleLoader::findClass0@213 (line 502)
                      ;   {runtime_call throw_null_pointer_exception Runtime1 stub}
  0x0000026c2f39e8f8: 2f07 e821 

  0x0000026c2f39e8fc: ; ImmutableOopMap {rdx=Oop [160]=Oop [168]=Oop [208]=Oop [256]=Oop [272]=Oop }
                      ;*invokeinterface debug {reexecute=0 rethrow=0 return_oop=0}
                      ; - org.eclipse.osgi.internal.debug.Debug::trace@17 (line 265)
                      ; - org.eclipse.osgi.internal.loader.BundleLoader::findClass0@213 (line 502)
                      ;   {runtime_call throw_null_pointer_exception Runtime1 stub}
  0x0000026c2f39e8fc: fe2e 07e8 

  0x0000026c2f39e900: ; ImmutableOopMap {rax=Oop rdx=Oop [160]=Oop [168]=Oop [208]=Oop [256]=Oop }
                      ;*invokevirtual println {reexecute=0 rethrow=0 return_oop=0}
                      ; - org.eclipse.osgi.internal.debug.Debug::trace@29 (line 267)
                      ; - org.eclipse.osgi.internal.loader.BundleLoader::findClass0@213 (line 502)
  0x0000026c2f39e900: 1cfe 2e07 

  0x0000026c2f39e904: ;   {runtime_call throw_null_pointer_exception Runtime1 stub}
  0x0000026c2f39e904: e817 fe2e 

  0x0000026c2f39e908: ; ImmutableOopMap {rbx=Oop [160]=Oop [168]=Oop [208]=Oop [256]=Oop }
                      ;*invokevirtual loadClass {reexecute=0 rethrow=0 return_oop=0}
                      ; - org.eclipse.osgi.internal.loader.BundleLoader::findClass0@219 (line 505)
                      ;   {runtime_call throw_null_pointer_exception Runtime1 stub}
  0x0000026c2f39e908: 07e8 12fe 

  0x0000026c2f39e90c: ; ImmutableOopMap {rax=Oop [160]=Oop [168]=Oop [208]=Oop }
                      ;*invokevirtual publicFindLoaded {reexecute=0 rethrow=0 return_oop=0}
                      ; - org.eclipse.osgi.internal.loader.BundleLoader::findClass0@234 (line 509)
                      ;   {metadata({method} {0x0000026c865dff98} 'publicFindLoaded' '(Ljava/lang/String;)Ljava/lang/Class;' in 'org/eclipse/osgi/internal/loader/ModuleClassLoader')}
  0x0000026c2f39e90c: 2e07 49ba | 90ff 5d86 | 6c02 0000 | 4c89 5424 | 0848 c704 | 24ff ffff 

  0x0000026c2f39e924: ;   {runtime_call counter_overflow Runtime1 stub}
  0x0000026c2f39e924: ffe8 5660 

  0x0000026c2f39e928: ; ImmutableOopMap {rax=Oop [160]=Oop [168]=Oop [208]=Oop }
                      ;*synchronization entry
                      ; - org.eclipse.osgi.internal.loader.ModuleClassLoader::publicFindLoaded@-1 (line 323)
                      ; - org.eclipse.osgi.internal.loader.BundleLoader::findClass0@234 (line 509)
  0x0000026c2f39e928: 2f07 e96d 

  0x0000026c2f39e92c: ;   {metadata({method} {0x0000026c86624b48} 'getClassLoadingLock' '(Ljava/lang/String;)Ljava/lang/Object;' in 'org/eclipse/osgi/internal/loader/ModuleClassLoader')}
  0x0000026c2f39e92c: dfff ff49 | ba40 4b62 | 866c 0200 | 004c 8954 | 2408 48c7 | 0424 ffff 

  0x0000026c2f39e944: ;   {runtime_call counter_overflow Runtime1 stub}
  0x0000026c2f39e944: ffff e835 

  0x0000026c2f39e948: ; ImmutableOopMap {rax=Oop [160]=Oop [168]=Oop [208]=Oop }
                      ;*synchronization entry
                      ; - org.eclipse.osgi.internal.loader.ModuleClassLoader::getClassLoadingLock@-1 (line 437)
                      ; - org.eclipse.osgi.internal.loader.ModuleClassLoader::publicFindLoaded@2 (line 323)
                      ; - org.eclipse.osgi.internal.loader.BundleLoader::findClass0@234 (line 509)
  0x0000026c2f39e948: 602f 07e9 | 09e0 ffff 

  0x0000026c2f39e950: ;   {runtime_call throw_null_pointer_exception Runtime1 stub}
  0x0000026c2f39e950: e8cb fd2e 

  0x0000026c2f39e954: ; ImmutableOopMap {rax=Oop rdx=Oop [160]=Oop [168]=Oop [208]=Oop }
                      ;*invokevirtual getLock {reexecute=0 rethrow=0 return_oop=0}
                      ; - org.eclipse.osgi.internal.loader.ModuleClassLoader::getClassLoadingLock@5 (line 437)
                      ; - org.eclipse.osgi.internal.loader.ModuleClassLoader::publicFindLoaded@2 (line 323)
                      ; - org.eclipse.osgi.internal.loader.BundleLoader::findClass0@234 (line 509)
                      ;   {runtime_call throw_null_pointer_exception Runtime1 stub}
  0x0000026c2f39e954: 07e8 c6fd 

  0x0000026c2f39e958: ; ImmutableOopMap {rsi=Oop [160]=Oop [168]=Oop [208]=Oop [280]=Oop [288]=Oop }
                      ;*monitorenter {reexecute=0 rethrow=0 return_oop=0}
                      ; - org.eclipse.osgi.internal.loader.ModuleClassLoader::publicFindLoaded@7 (line 323)
                      ; - org.eclipse.osgi.internal.loader.BundleLoader::findClass0@234 (line 509)
  0x0000026c2f39e958: 2e07 4889 | 7424 0848 

  0x0000026c2f39e960: ;   {runtime_call monitorenter_nofpu Runtime1 stub}
  0x0000026c2f39e960: 8914 24e8 

  0x0000026c2f39e964: ; ImmutableOopMap {rsi=Oop [160]=Oop [168]=Oop [208]=Oop [280]=Oop [288]=Oop [344]=Oop }
                      ;*monitorenter {reexecute=0 rethrow=0 return_oop=0}
                      ; - org.eclipse.osgi.internal.loader.ModuleClassLoader::publicFindLoaded@7 (line 323)
                      ; - org.eclipse.osgi.internal.loader.BundleLoader::findClass0@234 (line 509)
  0x0000026c2f39e964: 1836 2f07 | e96c e0ff 

  0x0000026c2f39e96c: ;   {metadata({method} {0x0000026c434353e0} 'findLoadedClass' '(Ljava/lang/String;)Ljava/lang/Class;' in 'java/lang/ClassLoader')}
  0x0000026c2f39e96c: ff49 bad8 | 5343 436c | 0200 004c | 8954 2408 | 48c7 0424 | ffff ffff 

  0x0000026c2f39e984: ;   {runtime_call counter_overflow Runtime1 stub}
  0x0000026c2f39e984: e8f7 5f2f 

  0x0000026c2f39e988: ; ImmutableOopMap {[160]=Oop [168]=Oop [208]=Oop [280]=Oop [288]=Oop [344]=Oop }
                      ;*synchronization entry
                      ; - java.lang.ClassLoader::findLoadedClass@-1
                      ; - org.eclipse.osgi.internal.loader.ModuleClassLoader::publicFindLoaded@10 (line 324)
                      ; - org.eclipse.osgi.internal.loader.BundleLoader::findClass0@234 (line 509)
  0x0000026c2f39e988: 07e9 8ce0 | ffff 488d | 8424 5001 | 0000 4889 

  0x0000026c2f39e998: ;   {runtime_call monitorexit_nofpu Runtime1 stub}
  0x0000026c2f39e998: 0424 e861 | 3c2f 07e9 | 45e1 ffff 

  0x0000026c2f39e9a4: ;   {internal_word}
  0x0000026c2f39e9a4: 49ba 23cb | 392f 6c02 | 0000 4d89 | 9768 0400 

  0x0000026c2f39e9b4: ;   {runtime_call SafepointBlob}
  0x0000026c2f39e9b4: 00e9 c671 

  0x0000026c2f39e9b8: ;   {metadata(nullptr)}
  0x0000026c2f39e9b8: 2407 48ba | 0000 0000 | 0000 0000 | b800 0f05 

  0x0000026c2f39e9c8: ;   {runtime_call load_klass_patching Runtime1 stub}
  0x0000026c2f39e9c8: 0ae8 3249 

  0x0000026c2f39e9cc: ; ImmutableOopMap {r9=Oop [160]=Oop [168]=Oop [184]=Oop [208]=Oop [304]=Oop [312]=Oop }
                      ;*new {reexecute=1 rethrow=0 return_oop=0}
                      ; - (reexecute) org.eclipse.osgi.internal.loader.BundleLoader::findClass0@281 (line 520)
  0x0000026c2f39e9cc: 2f07 e93d | e2ff ff48 

  0x0000026c2f39e9d4: ;   {runtime_call fast_new_instance Runtime1 stub}
  0x0000026c2f39e9d4: 8bd2 e825 

  0x0000026c2f39e9d8: ; ImmutableOopMap {r9=Oop [160]=Oop [168]=Oop [184]=Oop [208]=Oop [304]=Oop [312]=Oop }
                      ;*new {reexecute=0 rethrow=0 return_oop=0}
                      ; - org.eclipse.osgi.internal.loader.BundleLoader::findClass0@281 (line 520)
  0x0000026c2f39e9d8: 082f 07e9 | 80e2 ffff 

  0x0000026c2f39e9e0: ;   {metadata({method} {0x0000026c43461da8} '<init>' '(Ljava/lang/String;)V' in 'java/lang/StringBuilder')}
  0x0000026c2f39e9e0: 49ba a01d | 4643 6c02 | 0000 4c89 | 5424 0848 | c704 24ff 

  0x0000026c2f39e9f4: ;   {runtime_call counter_overflow Runtime1 stub}
  0x0000026c2f39e9f4: ffff ffe8 

  0x0000026c2f39e9f8: ; ImmutableOopMap {r9=Oop rax=Oop [160]=Oop [168]=Oop [184]=Oop [208]=Oop [304]=Oop [312]=Oop }
                      ;*synchronization entry
                      ; - java.lang.StringBuilder::<init>@-1
                      ; - org.eclipse.osgi.internal.loader.BundleLoader::findClass0@288 (line 520)
  0x0000026c2f39e9f8: 845f 2f07 | e99d e2ff 

  0x0000026c2f39ea00: ;   {metadata({method} {0x0000026c43461b40} 'append' '(Ljava/lang/Object;)Ljava/lang/StringBuilder;' in 'java/lang/StringBuilder')}
  0x0000026c2f39ea00: ff49 ba38 | 1b46 436c | 0200 004c | 8954 2408 | 48c7 0424 | ffff ffff 

  0x0000026c2f39ea18: ;   {runtime_call counter_overflow Runtime1 stub}
  0x0000026c2f39ea18: e863 5f2f 

  0x0000026c2f39ea1c: ; ImmutableOopMap {[160]=Oop [168]=Oop [184]=Oop [208]=Oop [296]=Oop [304]=Oop [312]=Oop }
                      ;*synchronization entry
                      ; - java.lang.StringBuilder::append@-1
                      ; - org.eclipse.osgi.internal.loader.BundleLoader::findClass0@292 (line 520)
  0x0000026c2f39ea1c: 07e9 fbe2 

  0x0000026c2f39ea20: ;   {metadata({method} {0x0000026c43455280} 'valueOf' '(Ljava/lang/Object;)Ljava/lang/String;' in 'java/lang/String')}
  0x0000026c2f39ea20: ffff 49ba | 7852 4543 | 6c02 0000 | 4c89 5424 | 0848 c704 | 24ff ffff 

  0x0000026c2f39ea38: ;   {runtime_call counter_overflow Runtime1 stub}
  0x0000026c2f39ea38: ffe8 425f 

  0x0000026c2f39ea3c: ; ImmutableOopMap {[160]=Oop [168]=Oop [184]=Oop [208]=Oop [296]=Oop [304]=Oop [312]=Oop }
                      ;*synchronization entry
                      ; - java.lang.String::valueOf@-1
                      ; - java.lang.StringBuilder::append@2
                      ; - org.eclipse.osgi.internal.loader.BundleLoader::findClass0@292 (line 520)
  0x0000026c2f39ea3c: 2f07 e913 

  0x0000026c2f39ea40: ;   {metadata({method} {0x0000026c43461ae8} 'append' '(Ljava/lang/String;)Ljava/lang/StringBuilder;' in 'java/lang/StringBuilder')}
  0x0000026c2f39ea40: e3ff ff49 | bae0 1a46 | 436c 0200 | 004c 8954 | 2408 48c7 | 0424 ffff 

  0x0000026c2f39ea58: ;   {runtime_call counter_overflow Runtime1 stub}
  0x0000026c2f39ea58: ffff e821 

  0x0000026c2f39ea5c: ; ImmutableOopMap {rax=Oop [160]=Oop [168]=Oop [184]=Oop [208]=Oop [296]=Oop [304]=Oop [312]=Oop }
                      ;*synchronization entry
                      ; - java.lang.StringBuilder::append@-1
                      ; - java.lang.StringBuilder::append@5
                      ; - org.eclipse.osgi.internal.loader.BundleLoader::findClass0@292 (line 520)
  0x0000026c2f39ea5c: 5f2f 07e9 | f3e3 ffff 

  0x0000026c2f39ea64: ;   {metadata({method} {0x0000026c43461ae8} 'append' '(Ljava/lang/String;)Ljava/lang/StringBuilder;' in 'java/lang/StringBuilder')}
  0x0000026c2f39ea64: 49ba e01a | 4643 6c02 | 0000 4c89 | 5424 0848 | c704 24ff 

  0x0000026c2f39ea78: ;   {runtime_call counter_overflow Runtime1 stub}
  0x0000026c2f39ea78: ffff ffe8 

  0x0000026c2f39ea7c: ; ImmutableOopMap {[160]=Oop [168]=Oop [184]=Oop [208]=Oop [296]=Oop [304]=Oop [312]=Oop }
                      ;*synchronization entry
                      ; - java.lang.StringBuilder::append@-1
                      ; - org.eclipse.osgi.internal.loader.BundleLoader::findClass0@298 (line 520)
  0x0000026c2f39ea7c: 005f 2f07 | e94a e4ff 

  0x0000026c2f39ea84: ;   {metadata({method} {0x0000026c43461b40} 'append' '(Ljava/lang/Object;)Ljava/lang/StringBuilder;' in 'java/lang/StringBuilder')}
  0x0000026c2f39ea84: ff49 ba38 | 1b46 436c | 0200 004c | 8954 2408 | 48c7 0424 | ffff ffff 

  0x0000026c2f39ea9c: ;   {runtime_call counter_overflow Runtime1 stub}
  0x0000026c2f39ea9c: e8df 5e2f 

  0x0000026c2f39eaa0: ; ImmutableOopMap {[160]=Oop [168]=Oop [184]=Oop [208]=Oop [296]=Oop [304]=Oop [312]=Oop }
                      ;*synchronization entry
                      ; - java.lang.StringBuilder::append@-1
                      ; - org.eclipse.osgi.internal.loader.BundleLoader::findClass0@303 (line 520)
  0x0000026c2f39eaa0: 07e9 a7e4 

  0x0000026c2f39eaa4: ;   {metadata({method} {0x0000026c43455280} 'valueOf' '(Ljava/lang/Object;)Ljava/lang/String;' in 'java/lang/String')}
  0x0000026c2f39eaa4: ffff 49ba | 7852 4543 | 6c02 0000 | 4c89 5424 | 0848 c704 | 24ff ffff 

  0x0000026c2f39eabc: ;   {runtime_call counter_overflow Runtime1 stub}
  0x0000026c2f39eabc: ffe8 be5e 

  0x0000026c2f39eac0: ; ImmutableOopMap {[160]=Oop [168]=Oop [184]=Oop [208]=Oop [296]=Oop [304]=Oop [312]=Oop }
                      ;*synchronization entry
                      ; - java.lang.String::valueOf@-1
                      ; - java.lang.StringBuilder::append@2
                      ; - org.eclipse.osgi.internal.loader.BundleLoader::findClass0@303 (line 520)
  0x0000026c2f39eac0: 2f07 e9bf 

  0x0000026c2f39eac4: ;   {runtime_call throw_null_pointer_exception Runtime1 stub}
  0x0000026c2f39eac4: e4ff ffe8 

  0x0000026c2f39eac8: ; ImmutableOopMap {rax=Oop [160]=Oop [168]=Oop [184]=Oop [208]=Oop [296]=Oop [304]=Oop [312]=Oop }
                      ;*invokevirtual toString {reexecute=0 rethrow=0 return_oop=0}
                      ; - java.lang.String::valueOf@11
                      ; - java.lang.StringBuilder::append@2
                      ; - org.eclipse.osgi.internal.loader.BundleLoader::findClass0@303 (line 520)
  0x0000026c2f39eac8: 54fc 2e07 

  0x0000026c2f39eacc: ;   {metadata({method} {0x0000026c43461ae8} 'append' '(Ljava/lang/String;)Ljava/lang/StringBuilder;' in 'java/lang/StringBuilder')}
  0x0000026c2f39eacc: 49ba e01a | 4643 6c02 | 0000 4c89 | 5424 0848 | c704 24ff 

  0x0000026c2f39eae0: ;   {runtime_call counter_overflow Runtime1 stub}
  0x0000026c2f39eae0: ffff ffe8 

  0x0000026c2f39eae4: ; ImmutableOopMap {rsi=Oop [160]=Oop [168]=Oop [184]=Oop [208]=Oop [296]=Oop [304]=Oop [312]=Oop }
                      ;*synchronization entry
                      ; - java.lang.StringBuilder::append@-1
                      ; - java.lang.StringBuilder::append@5
                      ; - org.eclipse.osgi.internal.loader.BundleLoader::findClass0@303 (line 520)
  0x0000026c2f39eae4: 985e 2f07 | e9dd e5ff 

  0x0000026c2f39eaec: ;   {metadata({method} {0x0000026c43008958} 'toString' '()Ljava/lang/String;' in 'java/lang/StringBuilder')}
  0x0000026c2f39eaec: ff49 ba50 | 8900 436c | 0200 004c | 8954 2408 | 48c7 0424 | ffff ffff 

  0x0000026c2f39eb04: ;   {runtime_call counter_overflow Runtime1 stub}
  0x0000026c2f39eb04: e877 5e2f 

  0x0000026c2f39eb08: ; ImmutableOopMap {r8=Oop [160]=Oop [168]=Oop [184]=Oop [208]=Oop [304]=Oop [312]=Oop }
                      ;*synchronization entry
                      ; - java.lang.StringBuilder::toString@-1
                      ; - org.eclipse.osgi.internal.loader.BundleLoader::findClass0@306 (line 520)
  0x0000026c2f39eb08: 07e9 32e6 | ffff 488b 

  0x0000026c2f39eb10: ;   {runtime_call fast_new_instance Runtime1 stub}
  0x0000026c2f39eb10: d2e8 ea06 

  0x0000026c2f39eb14: ; ImmutableOopMap {r8=Oop [160]=Oop [168]=Oop [184]=Oop [208]=Oop [304]=Oop [312]=Oop }
                      ;*new {reexecute=0 rethrow=0 return_oop=0}
                      ; - java.lang.StringBuilder::toString@0
                      ; - org.eclipse.osgi.internal.loader.BundleLoader::findClass0@306 (line 520)
  0x0000026c2f39eb14: 2f07 e975 

  0x0000026c2f39eb18: ;   {metadata({method} {0x0000026c43455dd8} '<init>' '(Ljava/lang/StringBuilder;)V' in 'java/lang/String')}
  0x0000026c2f39eb18: e6ff ff49 | bad0 5d45 | 436c 0200 | 004c 8954 | 2408 48c7 | 0424 ffff 

  0x0000026c2f39eb30: ;   {runtime_call counter_overflow Runtime1 stub}
  0x0000026c2f39eb30: ffff e849 

  0x0000026c2f39eb34: ; ImmutableOopMap {r8=Oop rax=Oop [160]=Oop [168]=Oop [184]=Oop [208]=Oop [304]=Oop [312]=Oop }
                      ;*synchronization entry
                      ; - java.lang.String::<init>@-1
                      ; - java.lang.StringBuilder::toString@5
                      ; - org.eclipse.osgi.internal.loader.BundleLoader::findClass0@306 (line 520)
  0x0000026c2f39eb34: 5e2f 07e9 | 90e6 ffff 

  0x0000026c2f39eb3c: ;   {runtime_call throw_null_pointer_exception Runtime1 stub}
  0x0000026c2f39eb3c: e8df fb2e 

  0x0000026c2f39eb40: ; ImmutableOopMap {r9=Oop [160]=Oop [168]=Oop [184]=Oop [208]=Oop [304]=Oop [312]=Oop [320]=Oop }
                      ;*invokevirtual trace {reexecute=0 rethrow=0 return_oop=0}
                      ; - org.eclipse.osgi.internal.loader.BundleLoader::findClass0@309 (line 519)
                      ;   {metadata({method} {0x0000026c864e5400} 'trace' '(Ljava/lang/String;Ljava/lang/String;)V' in 'org/eclipse/osgi/internal/debug/Debug')}
  0x0000026c2f39eb40: 0749 baf8 | 534e 866c | 0200 004c | 8954 2408 | 48c7 0424 | ffff ffff 

  0x0000026c2f39eb58: ;   {runtime_call counter_overflow Runtime1 stub}
  0x0000026c2f39eb58: e823 5e2f 

  0x0000026c2f39eb5c: ; ImmutableOopMap {r9=Oop [160]=Oop [168]=Oop [184]=Oop [208]=Oop [304]=Oop [312]=Oop [320]=Oop }
                      ;*synchronization entry
                      ; - org.eclipse.osgi.internal.debug.Debug::trace@-1 (line 256)
                      ; - org.eclipse.osgi.internal.loader.BundleLoader::findClass0@309 (line 519)
  0x0000026c2f39eb5c: 07e9 fce6 

  0x0000026c2f39eb60: ;   {runtime_call throw_incompatible_class_change_error Runtime1 stub}
  0x0000026c2f39eb60: ffff e8b9 

  0x0000026c2f39eb64: ; ImmutableOopMap {rdx=Oop [160]=Oop [168]=Oop [184]=Oop [208]=Oop [304]=Oop [320]=Oop }
                      ;*invokeinterface getLogger {reexecute=0 rethrow=0 return_oop=0}
                      ; - org.eclipse.osgi.internal.debug.Debug::trace@11 (line 265)
                      ; - org.eclipse.osgi.internal.loader.BundleLoader::findClass0@309 (line 519)
                      ;   {runtime_call throw_null_pointer_exception Runtime1 stub}
  0x0000026c2f39eb64: 2a2f 07e8 

  0x0000026c2f39eb68: ; ImmutableOopMap {rdx=Oop [160]=Oop [168]=Oop [184]=Oop [208]=Oop [304]=Oop [320]=Oop }
                      ;*invokeinterface getLogger {reexecute=0 rethrow=0 return_oop=0}
                      ; - org.eclipse.osgi.internal.debug.Debug::trace@11 (line 265)
                      ; - org.eclipse.osgi.internal.loader.BundleLoader::findClass0@309 (line 519)
  0x0000026c2f39eb68: b4fb 2e07 

  0x0000026c2f39eb6c: ;   {metadata({method} {0x0000026c8650ca90} 'getLogger' '(Ljava/lang/String;)Lorg/osgi/service/log/Logger;' in 'org/eclipse/osgi/internal/log/ExtendedLogServiceImpl')}
  0x0000026c2f39eb6c: 49ba 88ca | 5086 6c02 | 0000 4c89 | 5424 0848 | c704 24ff 

  0x0000026c2f39eb80: ;   {runtime_call counter_overflow Runtime1 stub}
  0x0000026c2f39eb80: ffff ffe8 

  0x0000026c2f39eb84: ; ImmutableOopMap {rdx=Oop [160]=Oop [168]=Oop [184]=Oop [208]=Oop [304]=Oop [320]=Oop }
                      ;*synchronization entry
                      ; - org.eclipse.osgi.internal.log.ExtendedLogServiceImpl::getLogger@-1 (line 1)
                      ; - org.eclipse.osgi.internal.debug.Debug::trace@11 (line 265)
                      ; - org.eclipse.osgi.internal.loader.BundleLoader::findClass0@309 (line 519)
  0x0000026c2f39eb84: f85d 2f07 | e98e e7ff 

  0x0000026c2f39eb8c: ;   {metadata({method} {0x0000026c8650a318} 'getLogger' '(Ljava/lang/String;)Lorg/eclipse/equinox/log/Logger;' in 'org/eclipse/osgi/internal/log/ExtendedLogServiceImpl')}
  0x0000026c2f39eb8c: ff49 ba10 | a350 866c | 0200 004c | 8954 2408 | 48c7 0424 | ffff ffff 

  0x0000026c2f39eba4: ;   {runtime_call counter_overflow Runtime1 stub}
  0x0000026c2f39eba4: e8d7 5d2f 

  0x0000026c2f39eba8: ; ImmutableOopMap {rdx=Oop [160]=Oop [168]=Oop [184]=Oop [208]=Oop [304]=Oop [320]=Oop }
                      ;*synchronization entry
                      ; - org.eclipse.osgi.internal.log.ExtendedLogServiceImpl::getLogger@-1 (line 73)
                      ; - org.eclipse.osgi.internal.log.ExtendedLogServiceImpl::getLogger@2 (line 1)
                      ; - org.eclipse.osgi.internal.debug.Debug::trace@11 (line 265)
                      ; - org.eclipse.osgi.internal.loader.BundleLoader::findClass0@309 (line 519)
  0x0000026c2f39eba8: 07e9 bfe7 | ffff 4889 

  0x0000026c2f39ebb0: ;   {runtime_call throw_class_cast_exception Runtime1 stub}
  0x0000026c2f39ebb0: 0424 e869 

  0x0000026c2f39ebb4: ; ImmutableOopMap {[160]=Oop [168]=Oop [184]=Oop [208]=Oop [304]=Oop [320]=Oop }
                      ;*checkcast {reexecute=0 rethrow=0 return_oop=0}
                      ; - org.eclipse.osgi.internal.log.ExtendedLogServiceImpl::getLogger@7 (line 73)
                      ; - org.eclipse.osgi.internal.log.ExtendedLogServiceImpl::getLogger@2 (line 1)
                      ; - org.eclipse.osgi.internal.debug.Debug::trace@11 (line 265)
                      ; - org.eclipse.osgi.internal.loader.BundleLoader::findClass0@309 (line 519)
                      ;   {runtime_call throw_null_pointer_exception Runtime1 stub}
  0x0000026c2f39ebb4: 272f 07e8 

  0x0000026c2f39ebb8: ; ImmutableOopMap {rdx=Oop [160]=Oop [168]=Oop [184]=Oop [208]=Oop [304]=Oop [320]=Oop }
                      ;*invokeinterface debug {reexecute=0 rethrow=0 return_oop=0}
                      ; - org.eclipse.osgi.internal.debug.Debug::trace@17 (line 265)
                      ; - org.eclipse.osgi.internal.loader.BundleLoader::findClass0@309 (line 519)
  0x0000026c2f39ebb8: 64fb 2e07 

  0x0000026c2f39ebbc: ;   {runtime_call throw_null_pointer_exception Runtime1 stub}
  0x0000026c2f39ebbc: e85f fb2e 

  0x0000026c2f39ebc0: ; ImmutableOopMap {rax=Oop rdx=Oop [160]=Oop [168]=Oop [184]=Oop [208]=Oop [304]=Oop }
                      ;*invokevirtual println {reexecute=0 rethrow=0 return_oop=0}
                      ; - org.eclipse.osgi.internal.debug.Debug::trace@29 (line 267)
                      ; - org.eclipse.osgi.internal.loader.BundleLoader::findClass0@309 (line 519)
                      ;   {runtime_call throw_null_pointer_exception Runtime1 stub}
  0x0000026c2f39ebc0: 07e8 5afb 

  0x0000026c2f39ebc4: ; ImmutableOopMap {rax=Oop [160]=Oop [168]=Oop [184]=Oop [208]=Oop [304]=Oop }
                      ;*invokevirtual loadClass {reexecute=0 rethrow=0 return_oop=0}
                      ; - org.eclipse.osgi.internal.loader.BundleLoader::findClass0@315 (line 523)
  0x0000026c2f39ebc4: 2e07 4889 

  0x0000026c2f39ebc8: ;   {runtime_call throw_class_cast_exception Runtime1 stub}
  0x0000026c2f39ebc8: 0424 e851 

  0x0000026c2f39ebcc: ; ImmutableOopMap {[160]=Oop [168]=Oop [208]=Oop [328]=Oop }
                      ;*checkcast {reexecute=0 rethrow=0 return_oop=0}
                      ; - org.eclipse.osgi.internal.loader.BundleLoader::findClass0@394 (line 544)
                      ;   {runtime_call throw_null_pointer_exception Runtime1 stub}
  0x0000026c2f39ebcc: 272f 07e8 

  0x0000026c2f39ebd0: ; ImmutableOopMap {rax=Oop [160]=Oop [168]=Oop [208]=Oop }
                      ;*invokevirtual loadClass {reexecute=0 rethrow=0 return_oop=0}
                      ; - org.eclipse.osgi.internal.loader.BundleLoader::findClass0@361 (line 535)
  0x0000026c2f39ebd0: 4cfb 2e07 

  0x0000026c2f39ebd4: ;   {internal_word}
  0x0000026c2f39ebd4: 49ba f3da | 392f 6c02 | 0000 4d89 | 9768 0400 

  0x0000026c2f39ebe4: ;   {runtime_call SafepointBlob}
  0x0000026c2f39ebe4: 00e9 966f 

  0x0000026c2f39ebe8: ;   {runtime_call throw_null_pointer_exception Runtime1 stub}
  0x0000026c2f39ebe8: 2407 e831 

  0x0000026c2f39ebec: ; ImmutableOopMap {rdx=Oop rsi=Oop [160]=Oop [168]=Oop [208]=Oop }
                      ;*invokevirtual getConfiguration {reexecute=0 rethrow=0 return_oop=0}
                      ; - org.eclipse.osgi.internal.loader.BundleLoader::findClass0@454 (line 556)
                      ;   {runtime_call throw_null_pointer_exception Runtime1 stub}
  0x0000026c2f39ebec: fb2e 07e8 

  0x0000026c2f39ebf0: ; ImmutableOopMap {rdx=Oop [160]=Oop [168]=Oop [208]=Oop }
                      ;*getfield compatibilityBootDelegation {reexecute=1 rethrow=0 return_oop=0}
                      ; - (reexecute) org.eclipse.osgi.internal.loader.BundleLoader::findClass0@457 (line 556)
  0x0000026c2f39ebf0: 2cfb 2e07 

  0x0000026c2f39ebf4: ;   {runtime_call throw_null_pointer_exception Runtime1 stub}
  0x0000026c2f39ebf4: e827 fb2e 

  0x0000026c2f39ebf8: ; ImmutableOopMap {rdx=Oop rsi=Oop [160]=Oop [168]=Oop [208]=Oop }
                      ;*invokevirtual loadClass {reexecute=0 rethrow=0 return_oop=0}
                      ; - org.eclipse.osgi.internal.loader.BundleLoader::findClass0@475 (line 559)
                      ;   {metadata({method} {0x0000026c430143f0} 'loadClass' '(Ljava/lang/String;)Ljava/lang/Class;' in 'java/lang/ClassLoader')}
  0x0000026c2f39ebf8: 0749 bae8 | 4301 436c | 0200 004c | 8954 2408 | 48c7 0424 | ffff ffff 

  0x0000026c2f39ec10: ;   {runtime_call counter_overflow Runtime1 stub}
  0x0000026c2f39ec10: e86b 5d2f 

  0x0000026c2f39ec14: ; ImmutableOopMap {rdx=Oop rsi=Oop [160]=Oop [168]=Oop [208]=Oop }
                      ;*synchronization entry
                      ; - java.lang.ClassLoader::loadClass@-1
                      ; - org.eclipse.osgi.internal.loader.BundleLoader::findClass0@475 (line 559)
  0x0000026c2f39ec14: 07e9 7ff2 

  0x0000026c2f39ec18: ;   {internal_word}
  0x0000026c2f39ec18: ffff 49ba | 64df 392f | 6c02 0000 | 4d89 9768 

  0x0000026c2f39ec28: ;   {runtime_call SafepointBlob}
  0x0000026c2f39ec28: 0400 00e9 | 506f 2407 

  0x0000026c2f39ec30: ;   {internal_word}
  0x0000026c2f39ec30: 49ba 7ddf | 392f 6c02 | 0000 4d89 | 9768 0400 

  0x0000026c2f39ec40: ;   {runtime_call SafepointBlob}
  0x0000026c2f39ec40: 00e9 3a6f 

  0x0000026c2f39ec44: ;   {internal_word}
  0x0000026c2f39ec44: 2407 49ba | 93df 392f | 6c02 0000 | 4d89 9768 

  0x0000026c2f39ec54: ;   {runtime_call SafepointBlob}
  0x0000026c2f39ec54: 0400 00e9 | 246f 2407 

  0x0000026c2f39ec5c: ;   {internal_word}
  0x0000026c2f39ec5c: 49ba f4df | 392f 6c02 | 0000 4d89 | 9768 0400 

  0x0000026c2f39ec6c: ;   {runtime_call SafepointBlob}
  0x0000026c2f39ec6c: 00e9 0e6f 

  0x0000026c2f39ec70: ;   {internal_word}
  0x0000026c2f39ec70: 2407 49ba | 0de0 392f | 6c02 0000 | 4d89 9768 

  0x0000026c2f39ec80: ;   {runtime_call SafepointBlob}
  0x0000026c2f39ec80: 0400 00e9 | f86e 2407 

  0x0000026c2f39ec88: ;   {internal_word}
  0x0000026c2f39ec88: 49ba 23e0 | 392f 6c02 | 0000 4d89 | 9768 0400 

  0x0000026c2f39ec98: ;   {runtime_call SafepointBlob}
  0x0000026c2f39ec98: 00e9 e26e 

  0x0000026c2f39ec9c: ;   {internal_word}
  0x0000026c2f39ec9c: 2407 49ba | 84e0 392f | 6c02 0000 | 4d89 9768 

  0x0000026c2f39ecac: ;   {runtime_call SafepointBlob}
  0x0000026c2f39ecac: 0400 00e9 | cc6e 2407 

  0x0000026c2f39ecb4: ;   {internal_word}
  0x0000026c2f39ecb4: 49ba 9ae0 | 392f 6c02 | 0000 4d89 | 9768 0400 

  0x0000026c2f39ecc4: ;   {runtime_call SafepointBlob}
  0x0000026c2f39ecc4: 00e9 b66e 

  0x0000026c2f39ecc8: ;   {internal_word}
  0x0000026c2f39ecc8: 2407 49ba | b0e0 392f | 6c02 0000 | 4d89 9768 

  0x0000026c2f39ecd8: ;   {runtime_call SafepointBlob}
  0x0000026c2f39ecd8: 0400 00e9 | a06e 2407 

  0x0000026c2f39ece0: ;   {runtime_call throw_null_pointer_exception Runtime1 stub}
  0x0000026c2f39ece0: e83b fa2e 

  0x0000026c2f39ece4: ; ImmutableOopMap {rdx=Oop [160]=Oop }
                      ;*invokevirtual loadClass {reexecute=0 rethrow=0 return_oop=0}
                      ; - org.eclipse.osgi.internal.loader.BundleLoader::findClass0@25 (line 470)
                      ;   {metadata({method} {0x0000026c430143f0} 'loadClass' '(Ljava/lang/String;)Ljava/lang/Class;' in 'java/lang/ClassLoader')}
  0x0000026c2f39ece4: 0749 bae8 | 4301 436c | 0200 004c | 8954 2408 | 48c7 0424 | ffff ffff 

  0x0000026c2f39ecfc: ;   {runtime_call counter_overflow Runtime1 stub}
  0x0000026c2f39ecfc: e87f 5c2f 

  0x0000026c2f39ed00: ; ImmutableOopMap {rdx=Oop [160]=Oop }
                      ;*synchronization entry
                      ; - java.lang.ClassLoader::loadClass@-1
                      ; - org.eclipse.osgi.internal.loader.BundleLoader::findClass0@25 (line 470)
  0x0000026c2f39ed00: 07e9 86f4 

  0x0000026c2f39ed04: ;   {internal_word}
  0x0000026c2f39ed04: ffff 49ba | 54e2 392f | 6c02 0000 | 4d89 9768 

  0x0000026c2f39ed14: ;   {runtime_call SafepointBlob}
  0x0000026c2f39ed14: 0400 00e9 | 646e 2407 

  0x0000026c2f39ed1c: ;   {internal_word}
  0x0000026c2f39ed1c: 49ba cce2 | 392f 6c02 | 0000 4d89 | 9768 0400 

  0x0000026c2f39ed2c: ;   {runtime_call SafepointBlob}
  0x0000026c2f39ed2c: 00e9 4e6e | 2407 488d | 8424 5001 | 0000 4889 

  0x0000026c2f39ed3c: ;   {runtime_call monitorexit_nofpu Runtime1 stub}
  0x0000026c2f39ed3c: 0424 e8bd | 382f 07e9 | daf5 ffff | 488d 8424 | 5001 0000 | 4889 0424 

  0x0000026c2f39ed54: ;   {runtime_call monitorexit_nofpu Runtime1 stub}
  0x0000026c2f39ed54: e8a7 382f | 07e9 14f6 | ffff 498b | 8700 0500 | 0049 c787 | 0005 0000 | 0000 0000 | 49c7 8708 
  0x0000026c2f39ed74: 0500 0000 | 0000 0048 | 81c4 7001 

  0x0000026c2f39ed80: ;   {runtime_call unwind_exception Runtime1 stub}
  0x0000026c2f39ed80: 0000 5de9 | 78ea 2e07 
[Stub Code]
  0x0000026c2f39ed88: ;   {no_reloc}
  0x0000026c2f39ed88: 0f1f 4400 

  0x0000026c2f39ed8c: ;   {static_stub}
  0x0000026c2f39ed8c: 0048 bb00 | 0000 0000 

  0x0000026c2f39ed94: ;   {runtime_call nmethod}
  0x0000026c2f39ed94: 0000 00e9 | fbff ffff 

  0x0000026c2f39ed9c: ;   {static_stub}
  0x0000026c2f39ed9c: 9048 bb00 | 0000 0000 

  0x0000026c2f39eda4: ;   {runtime_call nmethod}
  0x0000026c2f39eda4: 0000 00e9 | fbff ffff 

  0x0000026c2f39edac: ;   {static_stub}
  0x0000026c2f39edac: 9048 bb00 | 0000 0000 

  0x0000026c2f39edb4: ;   {runtime_call nmethod}
  0x0000026c2f39edb4: 0000 00e9 | fbff ffff 

  0x0000026c2f39edbc: ;   {static_stub}
  0x0000026c2f39edbc: 9048 bb00 | 0000 0000 

  0x0000026c2f39edc4: ;   {runtime_call nmethod}
  0x0000026c2f39edc4: 0000 00e9 | fbff ffff 

  0x0000026c2f39edcc: ;   {static_stub}
  0x0000026c2f39edcc: 9048 bb00 | 0000 0000 

  0x0000026c2f39edd4: ;   {runtime_call nmethod}
  0x0000026c2f39edd4: 0000 00e9 | fbff ffff 

  0x0000026c2f39eddc: ;   {static_stub}
  0x0000026c2f39eddc: 9048 bb00 | 0000 0000 

  0x0000026c2f39ede4: ;   {runtime_call nmethod}
  0x0000026c2f39ede4: 0000 00e9 | fbff ffff 

  0x0000026c2f39edec: ;   {static_stub}
  0x0000026c2f39edec: 9048 bb00 | 0000 0000 

  0x0000026c2f39edf4: ;   {runtime_call nmethod}
  0x0000026c2f39edf4: 0000 00e9 | fbff ffff 

  0x0000026c2f39edfc: ;   {static_stub}
  0x0000026c2f39edfc: 9048 bb00 | 0000 0000 

  0x0000026c2f39ee04: ;   {runtime_call nmethod}
  0x0000026c2f39ee04: 0000 00e9 | fbff ffff 

  0x0000026c2f39ee0c: ;   {static_stub}
  0x0000026c2f39ee0c: 9048 bb00 | 0000 0000 

  0x0000026c2f39ee14: ;   {runtime_call nmethod}
  0x0000026c2f39ee14: 0000 00e9 | fbff ffff 

  0x0000026c2f39ee1c: ;   {static_stub}
  0x0000026c2f39ee1c: 9048 bb20 | 7d4a 866c 

  0x0000026c2f39ee24: ;   {runtime_call I2C/C2I adapters}
  0x0000026c2f39ee24: 0200 00e9 | 3b53 2407 

  0x0000026c2f39ee2c: ;   {static_stub}
  0x0000026c2f39ee2c: 9048 bb00 | 0000 0000 

  0x0000026c2f39ee34: ;   {runtime_call nmethod}
  0x0000026c2f39ee34: 0000 00e9 | fbff ffff 

  0x0000026c2f39ee3c: ;   {static_stub}
  0x0000026c2f39ee3c: 9048 bb00 | 0000 0000 

  0x0000026c2f39ee44: ;   {runtime_call nmethod}
  0x0000026c2f39ee44: 0000 00e9 | fbff ffff 

  0x0000026c2f39ee4c: ;   {static_stub}
  0x0000026c2f39ee4c: 9048 bb00 | 0000 0000 

  0x0000026c2f39ee54: ;   {runtime_call nmethod}
  0x0000026c2f39ee54: 0000 00e9 | fbff ffff 

  0x0000026c2f39ee5c: ;   {static_stub}
  0x0000026c2f39ee5c: 9048 bb00 | 0000 0000 

  0x0000026c2f39ee64: ;   {runtime_call nmethod}
  0x0000026c2f39ee64: 0000 00e9 | fbff ffff 

  0x0000026c2f39ee6c: ;   {static_stub}
  0x0000026c2f39ee6c: 9048 bb00 | 0000 0000 

  0x0000026c2f39ee74: ;   {runtime_call nmethod}
  0x0000026c2f39ee74: 0000 00e9 | fbff ffff 

  0x0000026c2f39ee7c: ;   {static_stub}
  0x0000026c2f39ee7c: 9048 bb00 | 0000 0000 

  0x0000026c2f39ee84: ;   {runtime_call nmethod}
  0x0000026c2f39ee84: 0000 00e9 | fbff ffff 

  0x0000026c2f39ee8c: ;   {static_stub}
  0x0000026c2f39ee8c: 9048 bb00 | 0000 0000 

  0x0000026c2f39ee94: ;   {runtime_call nmethod}
  0x0000026c2f39ee94: 0000 00e9 | fbff ffff 

  0x0000026c2f39ee9c: ;   {static_stub}
  0x0000026c2f39ee9c: 9048 bb00 | 0000 0000 

  0x0000026c2f39eea4: ;   {runtime_call nmethod}
  0x0000026c2f39eea4: 0000 00e9 | fbff ffff 

  0x0000026c2f39eeac: ;   {static_stub}
  0x0000026c2f39eeac: 9048 bb00 | 0000 0000 

  0x0000026c2f39eeb4: ;   {runtime_call nmethod}
  0x0000026c2f39eeb4: 0000 00e9 | fbff ffff 

  0x0000026c2f39eebc: ;   {static_stub}
  0x0000026c2f39eebc: 9048 bb00 | 0000 0000 

  0x0000026c2f39eec4: ;   {runtime_call nmethod}
  0x0000026c2f39eec4: 0000 00e9 | fbff ffff 

  0x0000026c2f39eecc: ;   {static_stub}
  0x0000026c2f39eecc: 9048 bb00 | 0000 0000 

  0x0000026c2f39eed4: ;   {runtime_call nmethod}
  0x0000026c2f39eed4: 0000 00e9 | fbff ffff 

  0x0000026c2f39eedc: ;   {static_stub}
  0x0000026c2f39eedc: 9048 bb00 | 0000 0000 

  0x0000026c2f39eee4: ;   {runtime_call nmethod}
  0x0000026c2f39eee4: 0000 00e9 | fbff ffff 

  0x0000026c2f39eeec: ;   {static_stub}
  0x0000026c2f39eeec: 9048 bb00 | 0000 0000 

  0x0000026c2f39eef4: ;   {runtime_call nmethod}
  0x0000026c2f39eef4: 0000 00e9 | fbff ffff 

  0x0000026c2f39eefc: ;   {static_stub}
  0x0000026c2f39eefc: 9048 bb00 | 0000 0000 

  0x0000026c2f39ef04: ;   {runtime_call nmethod}
  0x0000026c2f39ef04: 0000 00e9 | fbff ffff 

  0x0000026c2f39ef0c: ;   {static_stub}
  0x0000026c2f39ef0c: 9048 bb00 | 0000 0000 

  0x0000026c2f39ef14: ;   {runtime_call nmethod}
  0x0000026c2f39ef14: 0000 00e9 | fbff ffff 

  0x0000026c2f39ef1c: ;   {static_stub}
  0x0000026c2f39ef1c: 9048 bb00 | 0000 0000 

  0x0000026c2f39ef24: ;   {runtime_call nmethod}
  0x0000026c2f39ef24: 0000 00e9 | fbff ffff 

  0x0000026c2f39ef2c: ;   {static_stub}
  0x0000026c2f39ef2c: 9048 bb00 | 0000 0000 

  0x0000026c2f39ef34: ;   {runtime_call nmethod}
  0x0000026c2f39ef34: 0000 00e9 | fbff ffff 

  0x0000026c2f39ef3c: ;   {static_stub}
  0x0000026c2f39ef3c: 9048 bb00 | 0000 0000 

  0x0000026c2f39ef44: ;   {runtime_call nmethod}
  0x0000026c2f39ef44: 0000 00e9 | fbff ffff 

  0x0000026c2f39ef4c: ;   {static_stub}
  0x0000026c2f39ef4c: 9048 bb00 | 0000 0000 

  0x0000026c2f39ef54: ;   {runtime_call nmethod}
  0x0000026c2f39ef54: 0000 00e9 | fbff ffff 

  0x0000026c2f39ef5c: ;   {static_stub}
  0x0000026c2f39ef5c: 9048 bb00 | 0000 0000 

  0x0000026c2f39ef64: ;   {runtime_call nmethod}
  0x0000026c2f39ef64: 0000 00e9 | fbff ffff 

  0x0000026c2f39ef6c: ;   {static_stub}
  0x0000026c2f39ef6c: 9048 bb00 | 0000 0000 

  0x0000026c2f39ef74: ;   {runtime_call nmethod}
  0x0000026c2f39ef74: 0000 00e9 | fbff ffff 

  0x0000026c2f39ef7c: ;   {static_stub}
  0x0000026c2f39ef7c: 9048 bb00 | 0000 0000 

  0x0000026c2f39ef84: ;   {runtime_call nmethod}
  0x0000026c2f39ef84: 0000 00e9 | fbff ffff 

  0x0000026c2f39ef8c: ;   {static_stub}
  0x0000026c2f39ef8c: 9048 bb00 | 0000 0000 

  0x0000026c2f39ef94: ;   {runtime_call nmethod}
  0x0000026c2f39ef94: 0000 00e9 | fbff ffff 

  0x0000026c2f39ef9c: ;   {static_stub}
  0x0000026c2f39ef9c: 9048 bb00 | 0000 0000 

  0x0000026c2f39efa4: ;   {runtime_call nmethod}
  0x0000026c2f39efa4: 0000 00e9 | fbff ffff 

  0x0000026c2f39efac: ;   {static_stub}
  0x0000026c2f39efac: 9048 bb00 | 0000 0000 

  0x0000026c2f39efb4: ;   {runtime_call nmethod}
  0x0000026c2f39efb4: 0000 00e9 | fbff ffff 

  0x0000026c2f39efbc: ;   {static_stub}
  0x0000026c2f39efbc: 9048 bb00 | 0000 0000 

  0x0000026c2f39efc4: ;   {runtime_call nmethod}
  0x0000026c2f39efc4: 0000 00e9 | fbff ffff 

  0x0000026c2f39efcc: ;   {static_stub}
  0x0000026c2f39efcc: 48bb 0000 | 0000 0000 

  0x0000026c2f39efd4: ;   {runtime_call nmethod}
  0x0000026c2f39efd4: 0000 e9fb 

  0x0000026c2f39efd8: ;   {static_stub}
  0x0000026c2f39efd8: ffff ff48 | bb00 0000 | 0000 0000 

  0x0000026c2f39efe4: ;   {runtime_call nmethod}
  0x0000026c2f39efe4: 00e9 fbff 

  0x0000026c2f39efe8: ;   {static_stub}
  0x0000026c2f39efe8: ffff 48bb | 0000 0000 | 0000 0000 

  0x0000026c2f39eff4: ;   {runtime_call nmethod}
  0x0000026c2f39eff4: e9fb ffff 

  0x0000026c2f39eff8: ;   {static_stub}
  0x0000026c2f39eff8: ff48 bb00 | 0000 0000 

  0x0000026c2f39f000: ;   {runtime_call nmethod}
  0x0000026c2f39f000: 0000 00e9 | fbff ffff 

  0x0000026c2f39f008: ;   {static_stub}
  0x0000026c2f39f008: 48bb 0000 | 0000 0000 

  0x0000026c2f39f010: ;   {runtime_call nmethod}
  0x0000026c2f39f010: 0000 e9fb 

  0x0000026c2f39f014: ;   {static_stub}
  0x0000026c2f39f014: ffff ff48 | bb58 fc58 | 866c 0200 

  0x0000026c2f39f020: ;   {runtime_call I2C/C2I adapters}
  0x0000026c2f39f020: 00e9 457a 

  0x0000026c2f39f024: ;   {static_stub}
  0x0000026c2f39f024: 2407 48bb | 0000 0000 | 0000 0000 

  0x0000026c2f39f030: ;   {runtime_call nmethod}
  0x0000026c2f39f030: e9fb ffff 

  0x0000026c2f39f034: ;   {static_stub}
  0x0000026c2f39f034: ff48 bb00 | 0000 0000 

  0x0000026c2f39f03c: ;   {runtime_call nmethod}
  0x0000026c2f39f03c: 0000 00e9 | fbff ffff 

  0x0000026c2f39f044: ;   {static_stub}
  0x0000026c2f39f044: 48bb c0cb | 5886 6c02 

  0x0000026c2f39f04c: ;   {runtime_call I2C/C2I adapters}
  0x0000026c2f39f04c: 0000 e918 

  0x0000026c2f39f050: ;   {static_stub}
  0x0000026c2f39f050: b123 0748 | bb78 f758 | 866c 0200 

  0x0000026c2f39f05c: ;   {runtime_call I2C/C2I adapters}
  0x0000026c2f39f05c: 00e9 0551 

  0x0000026c2f39f060: ;   {static_stub}
  0x0000026c2f39f060: 2407 48bb | 0000 0000 | 0000 0000 

  0x0000026c2f39f06c: ;   {runtime_call nmethod}
  0x0000026c2f39f06c: e9fb ffff 

  0x0000026c2f39f070: ;   {static_stub}
  0x0000026c2f39f070: ff48 bb00 | 0000 0000 

  0x0000026c2f39f078: ;   {runtime_call nmethod}
  0x0000026c2f39f078: 0000 00e9 | fbff ffff 

  0x0000026c2f39f080: ;   {static_stub}
  0x0000026c2f39f080: 48bb 0000 | 0000 0000 

  0x0000026c2f39f088: ;   {runtime_call nmethod}
  0x0000026c2f39f088: 0000 e9fb 

  0x0000026c2f39f08c: ;   {static_stub}
  0x0000026c2f39f08c: ffff ff48 | bb00 0000 | 0000 0000 

  0x0000026c2f39f098: ;   {runtime_call nmethod}
  0x0000026c2f39f098: 00e9 fbff 

  0x0000026c2f39f09c: ;   {runtime_call handle_exception_from_callee Runtime1 stub}
  0x0000026c2f39f09c: ffff e85d 

  0x0000026c2f39f0a0: ;   {external_word}
  0x0000026c2f39f0a0: 1c2f 0748 | b940 536d | 3cfc 7f00 | 0048 83e4 

  0x0000026c2f39f0b0: ;   {runtime_call}
  0x0000026c2f39f0b0: f048 b8b0 | c32f 3cfc | 7f00 00ff 

  0x0000026c2f39f0bc: ;   {section_word}
  0x0000026c2f39f0bc: d0f4 49ba | bef0 392f | 6c02 0000 

  0x0000026c2f39f0c8: ;   {runtime_call DeoptimizationBlob}
  0x0000026c2f39f0c8: 4152 e951 | 7f24 07f4 
[/MachCode]


---------------  P R O C E S S  ---------------

Threads class SMR info:
_java_thread_list=0x0000026c8a4c93f0, length=15, elements={
0x0000026c2a4fbb20, 0x0000026c2a5be1b0, 0x0000026c42ec5760, 0x0000026c42ec8f20,
0x0000026c42ecbd40, 0x0000026c42ecc7a0, 0x0000026c42ed2b80, 0x0000026c42ed7060,
0x0000026c85998120, 0x0000026c85b5e4d0, 0x0000026c85cbaeb0, 0x0000026c8a7d8f20,
0x0000026c8a4dda30, 0x0000026c8a4de0a0, 0x0000026c8aaa6090
}

Java Threads: ( => current thread )
  0x0000026c2a4fbb20 JavaThread "main"                              [_thread_blocked, id=19292, stack(0x000000dd6e000000,0x000000dd6e100000) (1024K)]
  0x0000026c2a5be1b0 JavaThread "Reference Handler"          daemon [_thread_blocked, id=21796, stack(0x000000dd6e400000,0x000000dd6e500000) (1024K)]
  0x0000026c42ec5760 JavaThread "Finalizer"                  daemon [_thread_blocked, id=20220, stack(0x000000dd6e500000,0x000000dd6e600000) (1024K)]
  0x0000026c42ec8f20 JavaThread "Signal Dispatcher"          daemon [_thread_blocked, id=3524, stack(0x000000dd6e600000,0x000000dd6e700000) (1024K)]
  0x0000026c42ecbd40 JavaThread "Attach Listener"            daemon [_thread_blocked, id=10652, stack(0x000000dd6e700000,0x000000dd6e800000) (1024K)]
  0x0000026c42ecc7a0 JavaThread "Service Thread"             daemon [_thread_blocked, id=9588, stack(0x000000dd6e800000,0x000000dd6e900000) (1024K)]
  0x0000026c42ed2b80 JavaThread "Monitor Deflation Thread"   daemon [_thread_blocked, id=144, stack(0x000000dd6e900000,0x000000dd6ea00000) (1024K)]
  0x0000026c42ed7060 JavaThread "C2 CompilerThread0"         daemon [_thread_blocked, id=5548, stack(0x000000dd6ea00000,0x000000dd6eb00000) (1024K)]
  0x0000026c85998120 JavaThread "C1 CompilerThread0"         daemon [_thread_blocked, id=19784, stack(0x000000dd6eb00000,0x000000dd6ec00000) (1024K)]
  0x0000026c85b5e4d0 JavaThread "Common-Cleaner"             daemon [_thread_blocked, id=22584, stack(0x000000dd6ed00000,0x000000dd6ee00000) (1024K)]
  0x0000026c85cbaeb0 JavaThread "Notification Thread"        daemon [_thread_blocked, id=14752, stack(0x000000dd6ee00000,0x000000dd6ef00000) (1024K)]
  0x0000026c8a7d8f20 JavaThread "Active Thread: Equinox Container: 02cb0b88-045c-4d3e-bdfa-15464703ef56"        [_thread_blocked, id=18752, stack(0x000000dd6f600000,0x000000dd6f700000) (1024K)]
  0x0000026c8a4dda30 JavaThread "Framework Event Dispatcher: Equinox Container: 02cb0b88-045c-4d3e-bdfa-15464703ef56" daemon [_thread_blocked, id=16532, stack(0x000000dd6f700000,0x000000dd6f800000) (1024K)]
=>0x0000026c8a4de0a0 JavaThread "Start Level: Equinox Container: 02cb0b88-045c-4d3e-bdfa-15464703ef56" daemon [_thread_in_vm, id=15720, stack(0x000000dd6f800000,0x000000dd6f900000) (1024K)]
  0x0000026c8aaa6090 JavaThread "SCR Component Actor"        daemon [_thread_blocked, id=6084, stack(0x000000dd6f500000,0x000000dd6f600000) (1024K)]
Total: 15

Other Threads:
  0x0000026c2a5a2800 VMThread "VM Thread"                           [id=10236, stack(0x000000dd6e300000,0x000000dd6e400000) (1024K)]
  0x0000026c2a567df0 WatcherThread "VM Periodic Task Thread"        [id=3672, stack(0x000000dd6e200000,0x000000dd6e300000) (1024K)]
  0x0000026c2a51a380 WorkerThread "GC Thread#0"                     [id=15232, stack(0x000000dd6e100000,0x000000dd6e200000) (1024K)]
  0x0000026c8a54adb0 WorkerThread "GC Thread#1"                     [id=21052, stack(0x000000dd6ef00000,0x000000dd6f000000) (1024K)]
  0x0000026c8a31f6c0 WorkerThread "GC Thread#2"                     [id=8236, stack(0x000000dd6f000000,0x000000dd6f100000) (1024K)]
  0x0000026c8a31fa70 WorkerThread "GC Thread#3"                     [id=7400, stack(0x000000dd6f100000,0x000000dd6f200000) (1024K)]
  0x0000026c8a31fe20 WorkerThread "GC Thread#4"                     [id=18852, stack(0x000000dd6f200000,0x000000dd6f300000) (1024K)]
  0x0000026c8a3201d0 WorkerThread "GC Thread#5"                     [id=21352, stack(0x000000dd6f300000,0x000000dd6f400000) (1024K)]
  0x0000026c8a320580 WorkerThread "GC Thread#6"                     [id=15164, stack(0x000000dd6f400000,0x000000dd6f500000) (1024K)]
  0x0000026c8aabf0b0 WorkerThread "GC Thread#7"                     [id=12760, stack(0x000000dd6ec00000,0x000000dd6ed00000) (1024K)]
Total: 10

Threads with active compile tasks:
Total: 0

VM state: not at safepoint (normal execution)

VM Mutex/Monitor currently owned by a thread:  ([mutex/lock_event])
[0x00007ffc3c98c4e0] Metaspace_lock - owner thread: 0x0000026c8a4de0a0

Heap address: 0x0000000080000000, size: 2048 MB, Compressed Oops mode: 32-bit

CDS archive(s) mapped at: [0x0000026c43000000-0x0000026c43ba0000-0x0000026c43ba0000), size 12189696, SharedBaseAddress: 0x0000026c43000000, ArchiveRelocationMode: 1.
Compressed class space mapped at: 0x0000026c44000000-0x0000026c84000000, reserved size: 1073741824
Narrow klass base: 0x0000026c43000000, Narrow klass shift: 0, Narrow klass range: 0x100000000

GC Precious Log:
 CardTable entry size: 512
 CPUs: 8 total, 8 available
 Memory: 7934M
 Large Page Support: Disabled
 NUMA Support: Disabled
 Compressed Oops: Enabled (32-bit)
 Alignments: Space 512K, Generation 512K, Heap 2M
 Heap Min Capacity: 100M
 Heap Initial Capacity: 100M
 Heap Max Capacity: 2G
 Pre-touch: Disabled
 Parallel Workers: 8

Heap:
 PSYoungGen      total 29696K, used 13268K [0x00000000d5580000, 0x00000000d7680000, 0x0000000100000000)
  eden space 25600K, 35% used [0x00000000d5580000,0x00000000d5e76178,0x00000000d6e80000)
  from space 4096K, 99% used [0x00000000d7280000,0x00000000d767efe8,0x00000000d7680000)
  to   space 4096K, 0% used [0x00000000d6e80000,0x00000000d6e80000,0x00000000d7280000)
 ParOldGen       total 68608K, used 1125K [0x0000000080000000, 0x0000000084300000, 0x00000000d5580000)
  object space 68608K, 1% used [0x0000000080000000,0x00000000801196c8,0x0000000084300000)
 Metaspace       used 10108K, committed 10368K, reserved 1114112K
  class space    used 1085K, committed 1216K, reserved 1048576K

Card table byte_map: [0x0000026c3e240000,0x0000026c3e650000] _byte_map_base: 0x0000026c3de40000

Marking Bits: (ParMarkBitMap*) 0x00007ffc3c993450
 Begin Bits: [0x0000026c3e900000, 0x0000026c40900000)
 End Bits:   [0x0000026c40900000, 0x0000026c42900000)

Polling page: 0x0000026c2a5c0000

Metaspace:

Usage:
  Non-class:      8.81 MB used.
      Class:      1.06 MB used.
       Both:      9.87 MB used.

Virtual space:
  Non-class space:       64.00 MB reserved,       8.94 MB ( 14%) committed,  1 nodes.
      Class space:        1.00 GB reserved,       1.19 MB ( <1%) committed,  1 nodes.
             Both:        1.06 GB reserved,      10.12 MB ( <1%) committed. 

Chunk freelists:
   Non-Class:  6.56 MB
       Class:  14.76 MB
        Both:  21.32 MB

MaxMetaspaceSize: unlimited
CompressedClassSpaceSize: 1.00 GB
Initial GC threshold: 21.00 MB
Current GC threshold: 21.00 MB
CDS: on
 - commit_granule_bytes: 65536.
 - commit_granule_words: 8192.
 - virtual_space_node_default_size: 8388608.
 - enlarge_chunks_in_place: 1.
 - use_allocation_guard: 0.


Internal statistics:

num_allocs_failed_limit: 0.
num_arena_births: 244.
num_arena_deaths: 0.
num_vsnodes_births: 2.
num_vsnodes_deaths: 0.
num_space_committed: 162.
num_space_uncommitted: 0.
num_chunks_returned_to_freelist: 0.
num_chunks_taken_from_freelist: 509.
num_chunk_merges: 0.
num_chunk_splits: 324.
num_chunks_enlarged: 214.
num_inconsistent_stats: 0.

CodeHeap 'non-profiled nmethods': size=120000Kb used=819Kb max_used=819Kb free=119180Kb
 bounds [0x0000026c36b30000, 0x0000026c36da0000, 0x0000026c3e060000]
CodeHeap 'profiled nmethods': size=120000Kb used=3387Kb max_used=3387Kb free=116612Kb
 bounds [0x0000026c2f060000, 0x0000026c2f3b0000, 0x0000026c36590000]
CodeHeap 'non-nmethods': size=5760Kb used=1229Kb max_used=1249Kb free=4530Kb
 bounds [0x0000026c36590000, 0x0000026c36800000, 0x0000026c36b30000]
CodeCache: size=245760Kb, used=5435Kb, max_used=5455Kb, free=240322Kb
 total_blobs=2392, nmethods=1904, adapters=395, full_count=0
Compilation: enabled, stopped_count=0, restarted_count=0

Compilation events (20 events):
Event: 5.588 Thread 0x0000026c85998120 1895       1       org.eclipse.osgi.internal.framework.EquinoxContainer::isProcessClassRecursionSupportedByAll (5 bytes)
Event: 5.588 Thread 0x0000026c85998120 nmethod 1895 0x0000026c36bfbe90 code [0x0000026c36bfc020, 0x0000026c36bfc0f0]
Event: 5.588 Thread 0x0000026c85998120 1896       1       org.eclipse.osgi.internal.weaving.WovenClassImpl::setState (6 bytes)
Event: 5.588 Thread 0x0000026c85998120 nmethod 1896 0x0000026c36bfc190 code [0x0000026c36bfc320, 0x0000026c36bfc3e8]
Event: 5.588 Thread 0x0000026c85998120 1897       1       org.eclipse.osgi.internal.loader.classpath.ClasspathEntry::getDomain (5 bytes)
Event: 5.588 Thread 0x0000026c85998120 nmethod 1897 0x0000026c36bfc490 code [0x0000026c36bfc620, 0x0000026c36bfc6e8]
Event: 5.589 Thread 0x0000026c85998120 1898       1       java.util.concurrent.atomic.AtomicReference::get (5 bytes)
Event: 5.589 Thread 0x0000026c85998120 nmethod 1898 0x0000026c36bfc790 code [0x0000026c36bfc920, 0x0000026c36bfc9e8]
Event: 5.590 Thread 0x0000026c85998120 1899       3       org.eclipse.osgi.internal.serviceregistry.ServiceRegistry::notifyHooksPrivileged (57 bytes)
Event: 5.590 Thread 0x0000026c85998120 nmethod 1899 0x0000026c2f3abb10 code [0x0000026c2f3abd60, 0x0000026c2f3ac620]
Event: 5.590 Thread 0x0000026c85998120 1900       3       org.eclipse.osgi.internal.serviceregistry.ServiceRegistry::getHookRegistrations (20 bytes)
Event: 5.591 Thread 0x0000026c85998120 nmethod 1900 0x0000026c2f3ac910 code [0x0000026c2f3acac0, 0x0000026c2f3acdb8]
Event: 5.591 Thread 0x0000026c85998120 1901       3       org.eclipse.osgi.framework.eventmgr.CopyOnWriteIdentityMap$Snapshot$SnapshotIterator::nextEntry (58 bytes)
Event: 5.591 Thread 0x0000026c85998120 nmethod 1901 0x0000026c2f3acf10 code [0x0000026c2f3ad0e0, 0x0000026c2f3ad458]
Event: 5.592 Thread 0x0000026c42ed7060 1902       4       java.lang.AbstractStringBuilder::isLatin1 (19 bytes)
Event: 5.593 Thread 0x0000026c42ed7060 nmethod 1902 0x0000026c36bfca90 code [0x0000026c36bfcc20, 0x0000026c36bfccd0]
Event: 5.601 Thread 0x0000026c85998120 1903       3       java.util.Collections$SingletonMap::get (20 bytes)
Event: 5.601 Thread 0x0000026c85998120 nmethod 1903 0x0000026c2f3ad610 code [0x0000026c2f3ad7e0, 0x0000026c2f3adb40]
Event: 5.601 Thread 0x0000026c85998120 1904       3       java.util.Collections::eq (22 bytes)
Event: 5.601 Thread 0x0000026c85998120 nmethod 1904 0x0000026c2f3adc90 code [0x0000026c2f3ade40, 0x0000026c2f3ae090]

GC Heap History (4 events):
Event: 2.145 GC heap before
{Heap before GC invocations=1 (full 0):
 PSYoungGen      total 29696K, used 25600K [0x00000000d5580000, 0x00000000d7680000, 0x0000000100000000)
  eden space 25600K, 100% used [0x00000000d5580000,0x00000000d6e80000,0x00000000d6e80000)
  from space 4096K, 0% used [0x00000000d7280000,0x00000000d7280000,0x00000000d7680000)
  to   space 4096K, 0% used [0x00000000d6e80000,0x00000000d6e80000,0x00000000d7280000)
 ParOldGen       total 68608K, used 0K [0x0000000080000000, 0x0000000084300000, 0x00000000d5580000)
  object space 68608K, 0% used [0x0000000080000000,0x0000000080000000,0x0000000084300000)
 Metaspace       used 4351K, committed 4608K, reserved 1114112K
  class space    used 474K, committed 576K, reserved 1048576K
}
Event: 2.154 GC heap after
{Heap after GC invocations=1 (full 0):
 PSYoungGen      total 29696K, used 3303K [0x00000000d5580000, 0x00000000d7680000, 0x0000000100000000)
  eden space 25600K, 0% used [0x00000000d5580000,0x00000000d5580000,0x00000000d6e80000)
  from space 4096K, 80% used [0x00000000d6e80000,0x00000000d71b9e98,0x00000000d7280000)
  to   space 4096K, 0% used [0x00000000d7280000,0x00000000d7280000,0x00000000d7680000)
 ParOldGen       total 68608K, used 16K [0x0000000080000000, 0x0000000084300000, 0x00000000d5580000)
  object space 68608K, 0% used [0x0000000080000000,0x0000000080004000,0x0000000084300000)
 Metaspace       used 4351K, committed 4608K, reserved 1114112K
  class space    used 474K, committed 576K, reserved 1048576K
}
Event: 3.929 GC heap before
{Heap before GC invocations=2 (full 0):
 PSYoungGen      total 29696K, used 28903K [0x00000000d5580000, 0x00000000d7680000, 0x0000000100000000)
  eden space 25600K, 100% used [0x00000000d5580000,0x00000000d6e80000,0x00000000d6e80000)
  from space 4096K, 80% used [0x00000000d6e80000,0x00000000d71b9e98,0x00000000d7280000)
  to   space 4096K, 0% used [0x00000000d7280000,0x00000000d7280000,0x00000000d7680000)
 ParOldGen       total 68608K, used 16K [0x0000000080000000, 0x0000000084300000, 0x00000000d5580000)
  object space 68608K, 0% used [0x0000000080000000,0x0000000080004000,0x0000000084300000)
 Metaspace       used 8188K, committed 8512K, reserved 1114112K
  class space    used 872K, committed 1024K, reserved 1048576K
}
Event: 3.938 GC heap after
{Heap after GC invocations=2 (full 0):
 PSYoungGen      total 29696K, used 4091K [0x00000000d5580000, 0x00000000d7680000, 0x0000000100000000)
  eden space 25600K, 0% used [0x00000000d5580000,0x00000000d5580000,0x00000000d6e80000)
  from space 4096K, 99% used [0x00000000d7280000,0x00000000d767efe8,0x00000000d7680000)
  to   space 4096K, 0% used [0x00000000d6e80000,0x00000000d6e80000,0x00000000d7280000)
 ParOldGen       total 68608K, used 1125K [0x0000000080000000, 0x0000000084300000, 0x00000000d5580000)
  object space 68608K, 1% used [0x0000000080000000,0x00000000801196c8,0x0000000084300000)
 Metaspace       used 8188K, committed 8512K, reserved 1114112K
  class space    used 872K, committed 1024K, reserved 1048576K
}

Dll operation events (9 events):
Event: 0.015 Loaded shared library c:\Users\andre\.vscode\extensions\redhat.java-1.54.0-win32-x64\jre\21.0.10-win32-x86_64\bin\java.dll
Event: 0.434 Loaded shared library c:\Users\andre\.vscode\extensions\redhat.java-1.54.0-win32-x64\jre\21.0.10-win32-x86_64\bin\zip.dll
Event: 0.474 Loaded shared library C:\Users\andre\.vscode\extensions\redhat.java-1.54.0-win32-x64\jre\21.0.10-win32-x86_64\bin\instrument.dll
Event: 0.482 Loaded shared library C:\Users\andre\.vscode\extensions\redhat.java-1.54.0-win32-x64\jre\21.0.10-win32-x86_64\bin\net.dll
Event: 0.487 Loaded shared library C:\Users\andre\.vscode\extensions\redhat.java-1.54.0-win32-x64\jre\21.0.10-win32-x86_64\bin\nio.dll
Event: 0.493 Loaded shared library C:\Users\andre\.vscode\extensions\redhat.java-1.54.0-win32-x64\jre\21.0.10-win32-x86_64\bin\zip.dll
Event: 0.523 Loaded shared library C:\Users\andre\.vscode\extensions\redhat.java-1.54.0-win32-x64\jre\21.0.10-win32-x86_64\bin\jimage.dll
Event: 0.664 Loaded shared library c:\Users\andre\.vscode\extensions\redhat.java-1.54.0-win32-x64\jre\21.0.10-win32-x86_64\bin\verify.dll
Event: 4.044 Loaded shared library C:\Users\andre\AppData\Roaming\Code\User\globalStorage\redhat.java\1.54.0\config_ss_win\org.eclipse.equinox.launcher\org.eclipse.equinox.launcher.win32.win32.x86_64_1.3.0.v20260203-2149\eclipse_11919.dll

Deoptimization events (20 events):
Event: 3.488 Thread 0x0000026c2a4fbb20 DEOPT PACKING pc=0x0000026c2f160786 sp=0x000000dd6e0fc660
Event: 3.488 Thread 0x0000026c2a4fbb20 DEOPT UNPACKING pc=0x0000026c365e78e2 sp=0x000000dd6e0fbae0 mode 0
Event: 3.489 Thread 0x0000026c2a4fbb20 DEOPT PACKING pc=0x0000026c2f1db908 sp=0x000000dd6e0fcab0
Event: 3.489 Thread 0x0000026c2a4fbb20 DEOPT UNPACKING pc=0x0000026c365e78e2 sp=0x000000dd6e0fbf30 mode 0
Event: 3.491 Thread 0x0000026c2a4fbb20 DEOPT PACKING pc=0x0000026c2f160786 sp=0x000000dd6e0fc8b0
Event: 3.491 Thread 0x0000026c2a4fbb20 DEOPT UNPACKING pc=0x0000026c365e78e2 sp=0x000000dd6e0fbd30 mode 0
Event: 3.491 Thread 0x0000026c2a4fbb20 DEOPT PACKING pc=0x0000026c2f1db908 sp=0x000000dd6e0fca00
Event: 3.491 Thread 0x0000026c2a4fbb20 DEOPT UNPACKING pc=0x0000026c365e78e2 sp=0x000000dd6e0fbe80 mode 0
Event: 3.492 Thread 0x0000026c2a4fbb20 DEOPT PACKING pc=0x0000026c2f1db908 sp=0x000000dd6e0fcd00
Event: 3.492 Thread 0x0000026c2a4fbb20 DEOPT UNPACKING pc=0x0000026c365e78e2 sp=0x000000dd6e0fc180 mode 0
Event: 3.694 Thread 0x0000026c2a4fbb20 DEOPT PACKING pc=0x0000026c2f209ec3 sp=0x000000dd6e0fea40
Event: 3.694 Thread 0x0000026c2a4fbb20 DEOPT UNPACKING pc=0x0000026c365e78e2 sp=0x000000dd6e0fdeb8 mode 0
Event: 3.890 Thread 0x0000026c8a4de0a0 Uncommon trap: trap_request=0xffffff6e fr.pc=0x0000026c36ba70b0 relative=0x0000000000000370
Event: 3.890 Thread 0x0000026c8a4de0a0 Uncommon trap: reason=loop_limit_check action=maybe_recompile pc=0x0000026c36ba70b0 method=java.lang.StringLatin1.indexOf([BI[BII)I @ 37 c2
Event: 3.890 Thread 0x0000026c8a4de0a0 DEOPT PACKING pc=0x0000026c36ba70b0 sp=0x000000dd6f8f9090
Event: 3.891 Thread 0x0000026c8a4de0a0 DEOPT UNPACKING pc=0x0000026c365e6da2 sp=0x000000dd6f8f8ff0 mode 2
Event: 4.099 Thread 0x0000026c2a4fbb20 Uncommon trap: trap_request=0xffffff45 fr.pc=0x0000026c36baf7e0 relative=0x0000000000000040
Event: 4.099 Thread 0x0000026c2a4fbb20 Uncommon trap: reason=unstable_if action=reinterpret pc=0x0000026c36baf7e0 method=java.util.concurrent.locks.AbstractQueuedSynchronizer.signalNext(Ljava/util/concurrent/locks/AbstractQueuedSynchronizer$Node;)V @ 1 c2
Event: 4.099 Thread 0x0000026c2a4fbb20 DEOPT PACKING pc=0x0000026c36baf7e0 sp=0x000000dd6e0fec60
Event: 4.099 Thread 0x0000026c2a4fbb20 DEOPT UNPACKING pc=0x0000026c365e6da2 sp=0x000000dd6e0febf8 mode 2

Classes loaded (20 events):
Event: 4.922 Loading class org/xml/sax/ext/Locator2 done
Event: 4.922 Loading class com/sun/org/apache/xerces/internal/parsers/AbstractSAXParser$LocatorProxy done
Event: 4.923 Loading class com/sun/org/apache/xerces/internal/impl/XMLScanner$NameType
Event: 4.923 Loading class com/sun/org/apache/xerces/internal/impl/XMLScanner$NameType done
Event: 4.924 Loading class com/sun/org/apache/xerces/internal/impl/Constants
Event: 4.925 Loading class com/sun/org/apache/xerces/internal/impl/Constants done
Event: 4.925 Loading class com/sun/org/apache/xerces/internal/impl/Constants$ArrayEnumeration
Event: 4.925 Loading class com/sun/org/apache/xerces/internal/impl/Constants$ArrayEnumeration done
Event: 4.943 Loading class com/sun/org/apache/xerces/internal/impl/io/MalformedByteSequenceException
Event: 5.052 Loading class java/io/CharConversionException
Event: 5.083 Loading class java/io/CharConversionException done
Event: 5.083 Loading class com/sun/org/apache/xerces/internal/impl/io/MalformedByteSequenceException done
Event: 5.419 Loading class java/util/concurrent/RejectedExecutionException
Event: 5.419 Loading class java/util/concurrent/RejectedExecutionException done
Event: 5.420 Loading class java/util/concurrent/CompletionStage
Event: 5.422 Loading class java/util/concurrent/CompletionStage done
Event: 5.577 Loading class java/util/concurrent/locks/ReentrantLock$FairSync
Event: 5.577 Loading class java/util/concurrent/locks/ReentrantLock$FairSync done
Event: 5.581 Loading class java/util/Collections$ReverseComparator
Event: 5.581 Loading class java/util/Collections$ReverseComparator done

Classes unloaded (0 events):
No events

Classes redefined (0 events):
No events

Internal exceptions (20 events):
Event: 2.158 Thread 0x0000026c2a4fbb20 Exception <a 'java/lang/ClassNotFoundException'{0x00000000d5586be8}: sun/net/www/protocol/d/Handler> (0x00000000d5586be8) 
thrown [s\src\hotspot\share\classfile\systemDictionary.cpp, line 312]
Event: 2.158 Thread 0x0000026c2a4fbb20 Exception <a 'java/lang/ClassNotFoundException'{0x00000000d5587d60}: sun/net/www/protocol/c/Handler> (0x00000000d5587d60) 
thrown [s\src\hotspot\share\classfile\systemDictionary.cpp, line 312]
Event: 2.208 Thread 0x0000026c2a4fbb20 Exception <a 'java/io/FileNotFoundException'{0x00000000d55b0298}> (0x00000000d55b0298) 
thrown [s\src\hotspot\share\prims\jni.cpp, line 520]
Event: 2.304 Thread 0x0000026c2a4fbb20 Implicit null exception at 0x0000026c36b91149 to 0x0000026c36b91adc
Event: 2.304 Thread 0x0000026c2a4fbb20 Implicit null exception at 0x0000026c36b9731a to 0x0000026c36b97520
Event: 2.305 Thread 0x0000026c2a4fbb20 Exception <a 'java/lang/NoSuchMethodError'{0x00000000d56e1288}: 'void java.lang.invoke.DirectMethodHandle$Holder.invokeStatic(java.lang.Object, java.lang.Object, java.lang.Object, java.lang.Object)'> (0x00000000d56e1288) 
thrown [s\src\hotspot\share\interpreter\linkResolver.cpp, line 773]
Event: 2.309 Thread 0x0000026c2a4fbb20 Implicit null exception at 0x0000026c36b9ef9a to 0x0000026c36b9f1a4
Event: 2.309 Thread 0x0000026c2a4fbb20 Implicit null exception at 0x0000026c36b92d3d to 0x0000026c36b92dc1
Event: 2.610 Thread 0x0000026c2a4fbb20 Exception <a 'java/lang/NoSuchMethodError'{0x00000000d59a40d8}: 'void java.lang.invoke.DirectMethodHandle$Holder.invokeSpecial(java.lang.Object, java.lang.Object, java.lang.Object)'> (0x00000000d59a40d8) 
thrown [s\src\hotspot\share\interpreter\linkResolver.cpp, line 773]
Event: 3.126 Thread 0x0000026c2a4fbb20 Exception <a 'java/lang/NoSuchMethodError'{0x00000000d62bf490}: 'int java.lang.invoke.DirectMethodHandle$Holder.invokeVirtual(java.lang.Object, java.lang.Object)'> (0x00000000d62bf490) 
thrown [s\src\hotspot\share\interpreter\linkResolver.cpp, line 773]
Event: 3.269 Thread 0x0000026c2a4fbb20 Exception <a 'java/lang/NoSuchMethodError'{0x00000000d64335f0}: 'int java.lang.invoke.DirectMethodHandle$Holder.invokeStaticInit(java.lang.Object, java.lang.Object, java.lang.Object, java.lang.Object)'> (0x00000000d64335f0) 
thrown [s\src\hotspot\share\interpreter\linkResolver.cpp, line 773]
Event: 3.270 Thread 0x0000026c2a4fbb20 Exception <a 'java/lang/IncompatibleClassChangeError'{0x00000000d643b9f8}: Found class java.lang.Object, but interface was expected> (0x00000000d643b9f8) 
thrown [s\src\hotspot\share\interpreter\linkResolver.cpp, line 840]
Event: 3.286 Thread 0x0000026c2a4fbb20 Exception <a 'java/lang/NoSuchMethodError'{0x00000000d6441fa8}: 'void java.lang.invoke.DirectMethodHandle$Holder.invokeStaticInit(java.lang.Object, java.lang.Object)'> (0x00000000d6441fa8) 
thrown [s\src\hotspot\share\interpreter\linkResolver.cpp, line 773]
Event: 3.288 Thread 0x0000026c2a4fbb20 Exception <a 'java/lang/NoSuchMethodError'{0x00000000d644b320}: 'int java.lang.invoke.DirectMethodHandle$Holder.invokeStaticInit(java.lang.Object, java.lang.Object)'> (0x00000000d644b320) 
thrown [s\src\hotspot\share\interpreter\linkResolver.cpp, line 773]
Event: 3.363 Thread 0x0000026c2a4fbb20 Exception <a 'java/lang/NoSuchMethodError'{0x00000000d6691d68}: 'java.lang.Object java.lang.invoke.DirectMethodHandle$Holder.newInvokeSpecial(java.lang.Object, int, java.lang.Object)'> (0x00000000d6691d68) 
thrown [s\src\hotspot\share\interpreter\linkResolver.cpp, line 773]
Event: 3.446 Thread 0x0000026c2a4fbb20 Exception <a 'java/lang/ClassNotFoundException'{0x00000000d68aaab0}: sun/net/www/protocol/plurl/Handler> (0x00000000d68aaab0) 
thrown [s\src\hotspot\share\classfile\systemDictionary.cpp, line 312]
Event: 3.446 Thread 0x0000026c2a4fbb20 Exception <a 'java/lang/ClassNotFoundException'{0x00000000d68ab930}: sun/net/www/protocol/plurl/Handler> (0x00000000d68ab930) 
thrown [s\src\hotspot\share\classfile\systemDictionary.cpp, line 312]
Event: 3.728 Thread 0x0000026c2a4fbb20 Exception <a 'java/lang/UnsatisfiedLinkError'{0x00000000d6cf8790}: 'void org.eclipse.equinox.launcher.JNIBridge._update_splash()'> (0x00000000d6cf8790) 
thrown [s\src\hotspot\share\prims\nativeLookup.cpp, line 415]
Event: 4.033 Thread 0x0000026c8a4de0a0 Exception <a 'java/lang/NullPointerException'{0x00000000d5748c70}> (0x00000000d5748c70) 
thrown [s\src\hotspot\share\interpreter\linkResolver.cpp, line 1372]
Event: 4.033 Thread 0x0000026c8a4de0a0 Exception <a 'java/lang/NullPointerException'{0x00000000d5748f50}> (0x00000000d5748f50) 
thrown [s\src\hotspot\share\interpreter\linkResolver.cpp, line 1372]

ZGC Phase Switch (0 events):
No events

VM Operations (20 events):
Event: 2.095 Executing non-safepoint VM operation: HandshakeAllThreads (Deoptimize)
Event: 2.095 Executing non-safepoint VM operation: HandshakeAllThreads (Deoptimize) done
Event: 2.145 Executing safepoint VM operation: ParallelGCFailedAllocation (Allocation Failure)
Event: 2.154 Executing safepoint VM operation: ParallelGCFailedAllocation (Allocation Failure) done
Event: 3.159 Executing safepoint VM operation: Cleanup
Event: 3.159 Executing safepoint VM operation: Cleanup done
Event: 3.323 Executing non-safepoint VM operation: HandshakeAllThreads (Deoptimize)
Event: 3.323 Executing non-safepoint VM operation: HandshakeAllThreads (Deoptimize) done
Event: 3.337 Executing non-safepoint VM operation: HandshakeAllThreads (Deoptimize)
Event: 3.337 Executing non-safepoint VM operation: HandshakeAllThreads (Deoptimize) done
Event: 3.419 Executing non-safepoint VM operation: HandshakeAllThreads (Deoptimize)
Event: 3.419 Executing non-safepoint VM operation: HandshakeAllThreads (Deoptimize) done
Event: 3.442 Executing non-safepoint VM operation: HandshakeAllThreads (Deoptimize)
Event: 3.442 Executing non-safepoint VM operation: HandshakeAllThreads (Deoptimize) done
Event: 3.929 Executing safepoint VM operation: ParallelGCFailedAllocation (Allocation Failure)
Event: 3.938 Executing safepoint VM operation: ParallelGCFailedAllocation (Allocation Failure) done
Event: 4.946 Executing safepoint VM operation: Cleanup
Event: 5.052 Executing safepoint VM operation: Cleanup done
Event: 5.578 Executing non-safepoint VM operation: HandshakeAllThreads (Deoptimize)
Event: 5.578 Executing non-safepoint VM operation: HandshakeAllThreads (Deoptimize) done

Memory protections (0 events):
No events

Nmethod flushes (0 events):
No events

Events (20 events):
Event: 0.379 Thread 0x0000026c2a4fbb20 Thread added: 0x0000026c42ec8f20
Event: 0.379 Thread 0x0000026c2a4fbb20 Thread added: 0x0000026c42ecbd40
Event: 0.380 Thread 0x0000026c2a4fbb20 Thread added: 0x0000026c42ecc7a0
Event: 0.380 Thread 0x0000026c2a4fbb20 Thread added: 0x0000026c42ed2b80
Event: 0.380 Thread 0x0000026c2a4fbb20 Thread added: 0x0000026c42ed7060
Event: 0.381 Thread 0x0000026c2a4fbb20 Thread added: 0x0000026c85998120
Event: 0.451 Thread 0x0000026c85998120 Thread added: 0x0000026c85a8c180
Event: 0.476 Thread 0x0000026c2a4fbb20 Thread added: 0x0000026c85b5e4d0
Event: 0.889 Thread 0x0000026c2a4fbb20 Thread added: 0x0000026c85cbaeb0
Event: 1.098 Thread 0x0000026c42ed7060 Thread added: 0x0000026c8a093d80
Event: 1.508 Thread 0x0000026c8a093d80 Thread exited: 0x0000026c8a093d80
Event: 2.208 Thread 0x0000026c85a8c180 Thread exited: 0x0000026c85a8c180
Event: 2.793 Thread 0x0000026c85998120 Thread added: 0x0000026c8a094450
Event: 2.793 Thread 0x0000026c85998120 Thread added: 0x0000026c8a096d30
Event: 3.308 Thread 0x0000026c2a4fbb20 Thread added: 0x0000026c8a7d8f20
Event: 3.722 Thread 0x0000026c2a4fbb20 Thread added: 0x0000026c8a4dda30
Event: 3.726 Thread 0x0000026c2a4fbb20 Thread added: 0x0000026c8a4de0a0
Event: 3.881 Thread 0x0000026c8a096d30 Thread exited: 0x0000026c8a096d30
Event: 3.890 Thread 0x0000026c8a094450 Thread exited: 0x0000026c8a094450
Event: 5.429 Thread 0x0000026c8a4de0a0 Thread added: 0x0000026c8aaa6090


Dynamic libraries:
0x00007ff6c8650000 - 0x00007ff6c865e000 	c:\Users\andre\.vscode\extensions\redhat.java-1.54.0-win32-x64\jre\21.0.10-win32-x86_64\bin\java.exe
0x00007ffce7800000 - 0x00007ffce7a67000 	C:\WINDOWS\SYSTEM32\ntdll.dll
0x00007ffce5b60000 - 0x00007ffce5c29000 	C:\WINDOWS\System32\KERNEL32.DLL
0x00007ffce5190000 - 0x00007ffce5584000 	C:\WINDOWS\System32\KERNELBASE.dll
0x00007ffce4c20000 - 0x00007ffce4d6b000 	C:\WINDOWS\System32\ucrtbase.dll
0x00007ffcbf4c0000 - 0x00007ffcbf4de000 	c:\Users\andre\.vscode\extensions\redhat.java-1.54.0-win32-x64\jre\21.0.10-win32-x86_64\bin\VCRUNTIME140.dll
0x00007ffcbffe0000 - 0x00007ffcbfff8000 	c:\Users\andre\.vscode\extensions\redhat.java-1.54.0-win32-x64\jre\21.0.10-win32-x86_64\bin\jli.dll
0x00007ffce6250000 - 0x00007ffce6415000 	C:\WINDOWS\System32\USER32.dll
0x00007ffce50d0000 - 0x00007ffce50f7000 	C:\WINDOWS\System32\win32u.dll
0x00007ffcd0440000 - 0x00007ffcd06d3000 	C:\WINDOWS\WinSxS\amd64_microsoft.windows.common-controls_6595b64144ccf1df_6.0.26100.8115_none_3e075c82e3354f9c\COMCTL32.dll
0x00007ffce5b20000 - 0x00007ffce5b4b000 	C:\WINDOWS\System32\GDI32.dll
0x00007ffce6cd0000 - 0x00007ffce6d79000 	C:\WINDOWS\System32\msvcrt.dll
0x00007ffce4d70000 - 0x00007ffce4e9b000 	C:\WINDOWS\System32\gdi32full.dll
0x00007ffce5020000 - 0x00007ffce50c3000 	C:\WINDOWS\System32\msvcp_win.dll
0x00007ffce74a0000 - 0x00007ffce74d2000 	C:\WINDOWS\System32\IMM32.DLL
0x00007ffcdf080000 - 0x00007ffcdf08c000 	c:\Users\andre\.vscode\extensions\redhat.java-1.54.0-win32-x64\jre\21.0.10-win32-x86_64\bin\vcruntime140_1.dll
0x00007ffc8e7e0000 - 0x00007ffc8e86d000 	c:\Users\andre\.vscode\extensions\redhat.java-1.54.0-win32-x64\jre\21.0.10-win32-x86_64\bin\msvcp140.dll
0x00007ffc3bcd0000 - 0x00007ffc3ca71000 	c:\Users\andre\.vscode\extensions\redhat.java-1.54.0-win32-x64\jre\21.0.10-win32-x86_64\bin\server\jvm.dll
0x00007ffce5590000 - 0x00007ffce5646000 	C:\WINDOWS\System32\ADVAPI32.dll
0x00007ffce5a40000 - 0x00007ffce5ae7000 	C:\WINDOWS\System32\sechost.dll
0x00007ffce5f80000 - 0x00007ffce6098000 	C:\WINDOWS\System32\RPCRT4.dll
0x00007ffce5ef0000 - 0x00007ffce5f70000 	C:\WINDOWS\System32\WS2_32.dll
0x00007ffce3f50000 - 0x00007ffce3fae000 	C:\WINDOWS\SYSTEM32\POWRPROF.dll
0x00007ffcd3540000 - 0x00007ffcd3576000 	C:\WINDOWS\SYSTEM32\WINMM.dll
0x00007ffcdd320000 - 0x00007ffcdd32b000 	C:\WINDOWS\SYSTEM32\VERSION.dll
0x00007ffce3f30000 - 0x00007ffce3f44000 	C:\WINDOWS\SYSTEM32\UMPDC.dll
0x00007ffce2e30000 - 0x00007ffce2e4b000 	C:\WINDOWS\SYSTEM32\kernel.appcore.dll
0x00007ffcd2910000 - 0x00007ffcd291a000 	c:\Users\andre\.vscode\extensions\redhat.java-1.54.0-win32-x64\jre\21.0.10-win32-x86_64\bin\jimage.dll
0x00007ffce1ff0000 - 0x00007ffce2232000 	C:\WINDOWS\SYSTEM32\DBGHELP.DLL
0x00007ffce5660000 - 0x00007ffce59e2000 	C:\WINDOWS\System32\combase.dll
0x00007ffce5cb0000 - 0x00007ffce5d88000 	C:\WINDOWS\System32\OLEAUT32.dll
0x00007ffcd48a0000 - 0x00007ffcd48db000 	C:\WINDOWS\SYSTEM32\dbgcore.DLL
0x00007ffce4940000 - 0x00007ffce49e5000 	C:\WINDOWS\System32\bcryptPrimitives.dll
0x00007ffccc4d0000 - 0x00007ffccc4df000 	c:\Users\andre\.vscode\extensions\redhat.java-1.54.0-win32-x64\jre\21.0.10-win32-x86_64\bin\instrument.dll
0x00007ffcb6980000 - 0x00007ffcb69a0000 	c:\Users\andre\.vscode\extensions\redhat.java-1.54.0-win32-x64\jre\21.0.10-win32-x86_64\bin\java.dll
0x00007ffce6560000 - 0x00007ffce6cc7000 	C:\WINDOWS\System32\SHELL32.dll
0x00007ffce49f0000 - 0x00007ffce4b5a000 	C:\WINDOWS\System32\wintypes.dll
0x00007ffce40d0000 - 0x00007ffce4938000 	C:\WINDOWS\System32\windows.storage.dll
0x00007ffce5d90000 - 0x00007ffce5e88000 	C:\WINDOWS\System32\SHCORE.dll
0x00007ffce7750000 - 0x00007ffce77b6000 	C:\WINDOWS\System32\shlwapi.dll
0x00007ffce3ff0000 - 0x00007ffce4019000 	C:\WINDOWS\SYSTEM32\profapi.dll
0x00007ffcaf730000 - 0x00007ffcaf748000 	c:\Users\andre\.vscode\extensions\redhat.java-1.54.0-win32-x64\jre\21.0.10-win32-x86_64\bin\zip.dll
0x00007ffccc450000 - 0x00007ffccc460000 	C:\Users\andre\.vscode\extensions\redhat.java-1.54.0-win32-x64\jre\21.0.10-win32-x86_64\bin\net.dll
0x00007ffcdaba0000 - 0x00007ffcdaccd000 	C:\WINDOWS\SYSTEM32\WINHTTP.dll
0x00007ffce3380000 - 0x00007ffce33ec000 	C:\WINDOWS\system32\mswsock.dll
0x00007ffcaf360000 - 0x00007ffcaf376000 	C:\Users\andre\.vscode\extensions\redhat.java-1.54.0-win32-x64\jre\21.0.10-win32-x86_64\bin\nio.dll
0x00007ffccc3d0000 - 0x00007ffccc3e0000 	c:\Users\andre\.vscode\extensions\redhat.java-1.54.0-win32-x64\jre\21.0.10-win32-x86_64\bin\verify.dll
0x00007ffcb04a0000 - 0x00007ffcb04e5000 	C:\Users\andre\AppData\Roaming\Code\User\globalStorage\redhat.java\1.54.0\config_ss_win\org.eclipse.equinox.launcher\org.eclipse.equinox.launcher.win32.win32.x86_64_1.3.0.v20260203-2149\eclipse_11919.dll
0x00007ffce60b0000 - 0x00007ffce6247000 	C:\WINDOWS\System32\ole32.dll

JVMTI agents:
c:\Users\andre\.vscode\extensions\redhat.java-1.54.0-win32-x64\lombok\lombok-1.18.39-4050.jar path:c:\Users\andre\.vscode\extensions\redhat.java-1.54.0-win32-x64\jre\21.0.10-win32-x86_64\bin\instrument.dll, loaded, initialized, instrumentlib options:none

dbghelp: loaded successfully - version: 4.0.5 - missing functions: none
symbol engine: initialized successfully - sym options: 0x614 - pdb path: .;c:\Users\andre\.vscode\extensions\redhat.java-1.54.0-win32-x64\jre\21.0.10-win32-x86_64\bin;C:\WINDOWS\SYSTEM32;C:\WINDOWS\WinSxS\amd64_microsoft.windows.common-controls_6595b64144ccf1df_6.0.26100.8115_none_3e075c82e3354f9c;c:\Users\andre\.vscode\extensions\redhat.java-1.54.0-win32-x64\jre\21.0.10-win32-x86_64\bin\server;C:\Users\andre\AppData\Roaming\Code\User\globalStorage\redhat.java\1.54.0\config_ss_win\org.eclipse.equinox.launcher\org.eclipse.equinox.launcher.win32.win32.x86_64_1.3.0.v20260203-2149

VM Arguments:
jvm_args: --add-modules=ALL-SYSTEM --add-opens=java.base/java.util=ALL-UNNAMED --add-opens=java.base/java.lang=ALL-UNNAMED --add-opens=java.base/sun.nio.fs=ALL-UNNAMED -Declipse.application=org.eclipse.jdt.ls.core.id1 -Dosgi.bundles.defaultStartLevel=4 -Declipse.product=org.eclipse.jdt.ls.core.product -Djava.import.generatesMetadataFilesAtProjectRoot=false -DDetectVMInstallationsJob.disabled=true -Dfile.encoding=utf8 -XX:+UseParallelGC -XX:GCTimeRatio=4 -XX:AdaptiveSizePolicyWeight=90 -Dsun.zip.disableMemoryMapping=true -Xmx2G -Xms100m -Xlog:disable -javaagent:c:\Users\andre\.vscode\extensions\redhat.java-1.54.0-win32-x64\lombok\lombok-1.18.39-4050.jar 
java_command: c:\Users\andre\.vscode\extensions\redhat.java-1.54.0-win32-x64\server\plugins\org.eclipse.equinox.launcher_1.7.100.v20251111-0406.jar -configuration c:\Users\andre\AppData\Roaming\Code\User\globalStorage\redhat.java\1.54.0\config_ss_win -data c:\Users\andre\AppData\Roaming\Code\User\workspaceStorage\4c53d6c1d38b1c63fe5da6ce7cfe8a73\redhat.java\ss_ws --pipe=\\.\pipe\lsp-c17c2a4a958556fdb5b000a3b0fe0e40-sock
java_class_path (initial): c:\Users\andre\.vscode\extensions\redhat.java-1.54.0-win32-x64\server\plugins\org.eclipse.equinox.launcher_1.7.100.v20251111-0406.jar
Launcher Type: SUN_STANDARD

[Global flags]
    uintx AdaptiveSizePolicyWeight                 = 90                                        {product} {command line}
     intx CICompilerCount                          = 4                                         {product} {ergonomic}
    uintx GCTimeRatio                              = 4                                         {product} {command line}
   size_t InitialHeapSize                          = 104857600                                 {product} {command line}
   size_t MaxHeapSize                              = 2147483648                                {product} {command line}
   size_t MaxNewSize                               = 715653120                                 {product} {ergonomic}
   size_t MinHeapDeltaBytes                        = 524288                                    {product} {ergonomic}
   size_t MinHeapSize                              = 104857600                                 {product} {command line}
   size_t NewSize                                  = 34603008                                  {product} {ergonomic}
    uintx NonNMethodCodeHeapSize                   = 5839372                                {pd product} {ergonomic}
    uintx NonProfiledCodeHeapSize                  = 122909434                              {pd product} {ergonomic}
   size_t OldSize                                  = 70254592                                  {product} {ergonomic}
     bool PerfDisableSharedMem                     = true                                      {product} {ergonomic}
    uintx ProfiledCodeHeapSize                     = 122909434                              {pd product} {ergonomic}
    uintx ReservedCodeCacheSize                    = 251658240                              {pd product} {ergonomic}
     bool SegmentedCodeCache                       = true                                      {product} {ergonomic}
   size_t SoftMaxHeapSize                          = 2147483648                             {manageable} {ergonomic}
     bool UseCompressedOops                        = true                           {product lp64_product} {ergonomic}
     bool UseLargePagesIndividualAllocation        = false                                  {pd product} {ergonomic}
     bool UseParallelGC                            = true                                      {product} {command line}

Logging:
Log output configuration:
 #0: stdout all=off uptime,level,tags foldmultilines=false
 #1: stderr all=off uptime,level,tags foldmultilines=false

Release file:
JAVA_VERSION="21.0.10" 
MODULES="java.base java.compiler java.datatransfer java.xml java.prefs java.desktop java.instrument java.logging java.management java.security.sasl java.naming java.rmi java.management.rmi java.net.http java.scripting java.security.jgss java.transaction.xa java.sql java.sql.rowset java.xml.crypto java.se java.smartcardio jdk.accessibility jdk.internal.jvmstat jdk.attach jdk.charsets jdk.internal.opt jdk.zipfs jdk.compiler jdk.crypto.ec jdk.crypto.cryptoki jdk.crypto.mscapi jdk.dynalink jdk.internal.ed jdk.editpad jdk.hotspot.agent jdk.httpserver jdk.internal.le jdk.internal.vm.ci jdk.internal.vm.compiler jdk.internal.vm.compiler.management jdk.jartool jdk.javadoc jdk.jcmd jdk.management jdk.management.agent jdk.jconsole jdk.jdeps jdk.jdwp.agent jdk.jdi jdk.jfr jdk.jshell jdk.jsobject jdk.jstatd jdk.localedata jdk.management.jfr jdk.naming.dns jdk.naming.rmi jdk.net jdk.nio.mapmode jdk.random jdk.sctp jdk.security.auth jdk.security.jgss jdk.unsupported jdk.unsupported.desktop jdk.xml.dom" 

Environment Variables:
PATH=C:\Users\andre\AppData\Local\Programs\Microsoft VS Code;C:\Program Files\Common Files\Oracle\Java\javapath;C:\Program Files (x86)\Common Files\Oracle\Java\java8path;C:\Program Files (x86)\Common Files\Oracle\Java\javapath;C:\WINDOWS\system32;C:\WINDOWS;C:\WINDOWS\System32\Wbem;C:\WINDOWS\System32\WindowsPowerShell\v1.0\;C:\WINDOWS\System32\OpenSSH\;C:\Program Files\dotnet\;C:\WINDOWS\system32;C:\WINDOWS;C:\WINDOWS\System32\Wbem;C:\WINDOWS\System32\WindowsPowerShell\v1.0\;C:\WINDOWS\System32\OpenSSH\;C:\ProgramData\chocolatey\bin;C:\Program Files\php-8.2.29-nts-Win32-vs16-x64;C:\Program Files\Docker\Docker\resources\bin;C:\ProgramData\ComposerSetup\bin;C:\Program Files\nodejs\;D:\Git\cmd;C:\dev\flutter_windows_3.38.4-stable\flutter\bin;C:\Program Files\MongoDB\Server\8.2\bin;C:\Users\andre\AppData\Local\Programs\Python\Python310;C:\Program Files\Amazon\AWSCLIV2\;C:\Program Files\k6\;C:\Users\andre\Downloads\apache-maven-3.9.12-bin\apache-maven-3.9.12\bin;D:\MongoDB\bin;C:\Users\andre\AppData\Local\Programs\Microsoft VS Code\bin;C:\Users\andre\AppData\Roaming\Composer\vendor\bin;C:\Users\andre\AppData\Roaming\npm;C:\dev\flutter_windows_3.38.4-stable\flutter\bin;C:\Users\andre\AppData\Local\Android\Sdk\platform-tools;C:\Users\andre\.dotnet\tools;C:\Users\andre\AppData\Local\Programs\Python\Python310;C:\Users\andre\AppData\Local\Programs\Python\Python310\Scripts;C:\Users\andre\AppData\Local\Microsoft\WindowsApps
USERNAME=andre
OS=Windows_NT
PROCESSOR_IDENTIFIER=Intel64 Family 6 Model 126 Stepping 5, GenuineIntel
TMP=C:\Users\andre\AppData\Local\Temp
TEMP=C:\Users\andre\AppData\Local\Temp




Periodic native trim disabled

---------------  S Y S T E M  ---------------

OS:
 Windows 11 , 64 bit Build 26100 (10.0.26100.8246)
OS uptime: 0 days 3:13 hours
Hyper-V role detected

CPU: total 8 (initial active 8) (4 cores per cpu, 2 threads per core) family 6 model 126 stepping 5 microcode 0xa8, cx8, cmov, fxsr, ht, mmx, 3dnowpref, sse, sse2, sse3, ssse3, sse4.1, sse4.2, popcnt, lzcnt, tsc, tscinvbit, avx, avx2, aes, erms, clmul, bmi1, bmi2, adx, avx512f, avx512dq, avx512cd, avx512bw, avx512vl, sha, fma, vzeroupper, avx512_vpopcntdq, avx512_vpclmulqdq, avx512_vaes, avx512_vnni, clflush, clflushopt, avx512_vbmi2, avx512_vbmi, hv, rdtscp, rdpid, fsrm, gfni, avx512_bitalg, f16c, avx512_ifma
Processor Information for the first 8 processors :
  Max Mhz: 1190, Current Mhz: 991, Mhz Limit: 987

Memory: 4k page, system-wide physical 7934M (839M free)
TotalPageFile size 18529M (AvailPageFile size 5M)
current process WorkingSet (physical memory assigned to process): 101M, peak: 101M
current process commit charge ("private bytes"): 245M, peak: 245M

vm_info: OpenJDK 64-Bit Server VM (21.0.10+7-LTS) for windows-amd64 JRE (21.0.10+7-LTS), built on 2026-01-20T00:00:00Z by "admin" with MS VC++ 17.12 (VS2022)

END.
